{"0.jpg153749":{"fileref":"","size":153749,"filename":"0.jpg","base64_img_data":"","file_attributes":{},"regions":{"0":{"shape_attributes":{"name":"polygon","all_points_x":[584,700,698,584,584],"all_points_y":[282,281,317,319,282]},"region_attributes":{}}}},"1.jpg63914":{"fileref":"","size":63914,"filename":"1.jpg","base64_img_data":"","file_attributes":{},"regions":{"0":{"shape_attributes":{"name":"polygon","all_points_x":[86,253,254,85,86],"all_points_y":[388,411,448,425,388]},"region_attributes":{}}}},"3.jpg77486":{"fileref":"","size":77486,"filename":"3.jpg","base64_img_data":"","file_attributes":{},"regions":{"0":{"shape_attributes":{"name":"polygon","all_points_x":[223,345,341,220,223],"all_points_y":[318,325,353,346,318]},"region_attributes":{}}}},"5.jpg290033":{"fileref":"","size":290033,"filename":"5.jpg","base64_img_data":"","file_attributes":{},"regions":{"0":{"shape_attributes":{"name":"polygon","all_points_x":[114,252,252,116,114],"all_points_y":[285,292,324,316,285]},"region_attributes":{}}}},"6.jpg64902":{"fileref":"","size":64902,"filename":"6.jpg","base64_img_data":"","file_attributes":{},"regions":{"0":{"shape_attributes":{"name":"polygon","all_points_x":[229,432,432,229,229],"all_points_y":[255,257,300,302,255]},"region_attributes":{}}}},"8.jpg1269655":{"fileref":"","size":1269655,"filename":"8.jpg","base64_img_data":"","file_attributes":{},"regions":{"0":{"shape_attributes":{"name":"polygon","all_points_x":[646,889,890,646,646],"all_points_y":[522,522,579,579,522]},"region_attributes":{}}}},"10.jpg44602":{"fileref":"","size":44602,"filename":"10.jpg","base64_img_data":"","file_attributes":{},"regions":{"0":{"shape_attributes":{"name":"polygon","all_points_x":[210,407,407,211,210],"all_points_y":[164,160,206,207,164]},"region_attributes":{}}}},"11.jpg148668":{"fileref":"","size":148668,"filename":"11.jpg","base64_img_data":"","file_attributes":{},"regions":{"0":{"shape_attributes":{"name":"polygon","all_points_x":[360,497,491,356,360],"all_points_y":[386,389,434,428,386]},"region_attributes":{}}}},"12.jpg104573":{"fileref":"","size":104573,"filename":"12.jpg","base64_img_data":"","file_attributes":{},"regions":{"0":{"shape_attributes":{"name":"polygon","all_points_x":[221,431,430,221,221],"all_points_y":[190,190,232,234,190]},"region_attributes":{}}}},"13.jpg88798":{"fileref":"","size":88798,"filename":"13.jpg","base64_img_data":"","file_attributes":{},"regions":{"0":{"shape_attributes":{"name":"polygon","all_points_x":[102,241,233,93,102],"all_points_y":[245,255,320,302,245]},"region_attributes":{}}}},"14.jpg40268":{"fileref":"","size":40268,"filename":"14.jpg","base64_img_data":"","file_attributes":{},"regions":{"0":{"shape_attributes":{"name":"polygon","all_points_x":[156,352,348,153,156],"all_points_y":[118,130,177,164,118]},"region_attributes":{}}}},"15.jpg132176":{"fileref":"","size":132176,"filename":"15.jpg","base64_img_data":"","file_attributes":{},"regions":{"0":{"shape_attributes":{"name":"polygon","all_points_x":[286,498,498,281,286],"all_points_y":[355,358,405,404,355]},"region_attributes":{}}}},"16.jpg86754":{"fileref":"","size":86754,"filename":"16.jpg","base64_img_data":"","file_attributes":{},"regions":{"0":{"shape_attributes":{"name":"polygon","all_points_x":[300,488,488,298,300],"all_points_y":[263,262,308,306,263]},"region_attributes":{}}}},"17.jpg63516":{"fileref":"","size":63516,"filename":"17.jpg","base64_img_data":"","file_attributes":{},"regions":{"0":{"shape_attributes":{"name":"polygon","all_points_x":[69,176,176,68,69],"all_points_y":[234,231,259,259,234]},"region_attributes":{}}}},"18.jpg74801":{"fileref":"","size":74801,"filename":"18.jpg","base64_img_data":"","file_attributes":{},"regions":{"0":{"shape_attributes":{"name":"polygon","all_points_x":[344,419,422,346,344],"all_points_y":[201,202,223,224,201]},"region_attributes":{}}}},"19.jpg72702":{"fileref":"","size":72702,"filename":"19.jpg","base64_img_data":"","file_attributes":{},"regions":{"0":{"shape_attributes":{"name":"polygon","all_points_x":[263,729,728,261,263],"all_points_y":[205,210,367,364,205]},"region_attributes":{}}}},"20.jpg50429":{"fileref":"","size":50429,"filename":"20.jpg","base64_img_data":"","file_attributes":{},"regions":{"0":{"shape_attributes":{"name":"polygon","all_points_x":[158,339,339,158,158],"all_points_y":[201,208,249,240,201]},"region_attributes":{}}}},"21.jpg174512":{"fileref":"","size":174512,"filename":"21.jpg","base64_img_data":"","file_attributes":{},"regions":{"0":{"shape_attributes":{"name":"polygon","all_points_x":[274,504,501,275,274],"all_points_y":[6,12,57,53,6]},"region_attributes":{}}}},"22.jpg513142":{"fileref":"","size":513142,"filename":"22.jpg","base64_img_data":"","file_attributes":{},"regions":{"0":{"shape_attributes":{"name":"polygon","all_points_x":[254,474,475,260,254],"all_points_y":[518,521,564,567,518]},"region_attributes":{}}}},"23.jpg518906":{"fileref":"","size":518906,"filename":"23.jpg","base64_img_data":"","file_attributes":{},"regions":{"0":{"shape_attributes":{"name":"polygon","all_points_x":[301,550,556,306,301],"all_points_y":[435,425,483,497,435]},"region_attributes":{}}}},"25.jpg62337":{"fileref":"","size":62337,"filename":"25.jpg","base64_img_data":"","file_attributes":{},"regions":{"0":{"shape_attributes":{"name":"polygon","all_points_x":[295,419,425,304,295],"all_points_y":[190,172,207,226,190]},"region_attributes":{}}}},"26.jpg61455":{"fileref":"","size":61455,"filename":"26.jpg","base64_img_data":"","file_attributes":{},"regions":{"0":{"shape_attributes":{"name":"polygon","all_points_x":[198,447,444,193,198],"all_points_y":[232,235,295,287,232]},"region_attributes":{}}}},"27.jpg51400":{"fileref":"","size":51400,"filename":"27.jpg","base64_img_data":"","file_attributes":{},"regions":{"0":{"shape_attributes":{"name":"polygon","all_points_x":[62,224,214,52,62],"all_points_y":[196,215,286,252,196]},"region_attributes":{}}}},"31.jpg141164":{"fileref":"","size":141164,"filename":"31.jpg","base64_img_data":"","file_attributes":{},"regions":{"0":{"shape_attributes":{"name":"polygon","all_points_x":[464,558,556,464,464],"all_points_y":[286,291,345,344,286]},"region_attributes":{}}}},"32.jpg91719":{"fileref":"","size":91719,"filename":"32.jpg","base64_img_data":"","file_attributes":{},"regions":{"0":{"shape_attributes":{"name":"polygon","all_points_x":[131,264,264,128,131],"all_points_y":[249,256,295,286,249]},"region_attributes":{}}}},"33.jpg96065":{"fileref":"","size":96065,"filename":"33.jpg","base64_img_data":"","file_attributes":{},"regions":{"0":{"shape_attributes":{"name":"polygon","all_points_x":[72,233,236,72,72],"all_points_y":[363,367,406,402,363]},"region_attributes":{}}}},"34.jpg3496017":{"fileref":"","size":3496017,"filename":"34.jpg","base64_img_data":"","file_attributes":{},"regions":{"0":{"shape_attributes":{"name":"polygon","all_points_x":[1214,2486,2489,1221,1214],"all_points_y":[993,1010,1315,1281,993]},"region_attributes":{}}}},"35.jpg82034":{"fileref":"","size":82034,"filename":"35.jpg","base64_img_data":"","file_attributes":{},"regions":{"0":{"shape_attributes":{"name":"polygon","all_points_x":[331,539,539,332,331],"all_points_y":[277,275,320,321,277]},"region_attributes":{}}}},"37.jpg36713":{"fileref":"","size":36713,"filename":"37.jpg","base64_img_data":"","file_attributes":{},"regions":{"0":{"shape_attributes":{"name":"polygon","all_points_x":[127,187,185,125,127],"all_points_y":[123,125,159,158,123]},"region_attributes":{}}}},"38.jpg176927":{"fileref":"","size":176927,"filename":"38.jpg","base64_img_data":"","file_attributes":{},"regions":{"0":{"shape_attributes":{"name":"polygon","all_points_x":[796,900,901,796,796],"all_points_y":[487,484,529,531,487]},"region_attributes":{}}}},"40.jpg157548":{"fileref":"","size":157548,"filename":"40.jpg","base64_img_data":"","file_attributes":{},"regions":{"0":{"shape_attributes":{"name":"polygon","all_points_x":[161,288,282,154,161],"all_points_y":[195,205,233,220,195]},"region_attributes":{}}}},"41.jpg84521":{"fileref":"","size":84521,"filename":"41.jpg","base64_img_data":"","file_attributes":{},"regions":{"0":{"shape_attributes":{"name":"polygon","all_points_x":[160,323,323,159,160],"all_points_y":[242,245,283,284,242]},"region_attributes":{}}}},"42.jpg72989":{"fileref":"","size":72989,"filename":"42.jpg","base64_img_data":"","file_attributes":{},"regions":{"0":{"shape_attributes":{"name":"polygon","all_points_x":[26,158,160,26,26],"all_points_y":[269,285,327,304,269]},"region_attributes":{}}}},"44.jpg645032":{"fileref":"","size":645032,"filename":"44.jpg","base64_img_data":"","file_attributes":{},"regions":{"0":{"shape_attributes":{"name":"polygon","all_points_x":[642,833,840,650,642],"all_points_y":[506,456,499,550,506]},"region_attributes":{}}}},"45.jpg91797":{"fileref":"","size":91797,"filename":"45.jpg","base64_img_data":"","file_attributes":{},"regions":{"0":{"shape_attributes":{"name":"polygon","all_points_x":[421,510,516,426,421],"all_points_y":[182,173,197,215,182]},"region_attributes":{}}}},"46.jpg80755":{"fileref":"","size":80755,"filename":"46.jpg","base64_img_data":"","file_attributes":{},"regions":{"0":{"shape_attributes":{"name":"polygon","all_points_x":[187,373,373,188,187],"all_points_y":[297,297,337,338,297]},"region_attributes":{}}}},"47.jpg98410":{"fileref":"","size":98410,"filename":"47.jpg","base64_img_data":"","file_attributes":{},"regions":{"0":{"shape_attributes":{"name":"polygon","all_points_x":[410,586,588,410,410],"all_points_y":[433,434,471,471,433]},"region_attributes":{}}}},"50.jpg294949":{"fileref":"","size":294949,"filename":"50.jpg","base64_img_data":"","file_attributes":{},"regions":{"0":{"shape_attributes":{"name":"polygon","all_points_x":[450,646,651,453,450],"all_points_y":[733,722,762,776,733]},"region_attributes":{}}}},"51.jpg73708":{"fileref":"","size":73708,"filename":"51.jpg","base64_img_data":"","file_attributes":{},"regions":{"0":{"shape_attributes":{"name":"polygon","all_points_x":[386,488,488,386,386],"all_points_y":[215,221,246,242,215]},"region_attributes":{}}}},"52.jpg77810":{"fileref":"","size":77810,"filename":"52.jpg","base64_img_data":"","file_attributes":{},"regions":{"0":{"shape_attributes":{"name":"polygon","all_points_x":[61,174,173,61,61],"all_points_y":[301,311,337,325,301]},"region_attributes":{}}}},"53.jpg48425":{"fileref":"","size":48425,"filename":"53.jpg","base64_img_data":"","file_attributes":{},"regions":{"0":{"shape_attributes":{"name":"polygon","all_points_x":[217,345,344,215,217],"all_points_y":[165,155,184,193,165]},"region_attributes":{}}}},"54.jpg57677":{"fileref":"","size":57677,"filename":"54.jpg","base64_img_data":"","file_attributes":{},"regions":{"0":{"shape_attributes":{"name":"polygon","all_points_x":[108,262,260,108,108],"all_points_y":[239,242,277,274,239]},"region_attributes":{}}}},"55.jpg57985":{"fileref":"","size":57985,"filename":"55.jpg","base64_img_data":"","file_attributes":{},"regions":{"0":{"shape_attributes":{"name":"polygon","all_points_x":[291,418,424,298,293,291],"all_points_y":[202,188,217,234,207,202]},"region_attributes":{}}}},"58.jpg113059":{"fileref":"","size":113059,"filename":"58.jpg","base64_img_data":"","file_attributes":{},"regions":{}},"59.jpg51276":{"fileref":"","size":51276,"filename":"59.jpg","base64_img_data":"","file_attributes":{},"regions":{"0":{"shape_attributes":{"name":"polygon","all_points_x":[150,343,342,147,150],"all_points_y":[259,257,304,306,259]},"region_attributes":{}}}},"60.jpg324568":{"fileref":"","size":324568,"filename":"60.jpg","base64_img_data":"","file_attributes":{},"regions":{"0":{"shape_attributes":{"name":"polygon","all_points_x":[822,1075,1075,824,822],"all_points_y":[774,756,810,830,774]},"region_attributes":{}}}},"61.jpg64290":{"fileref":"","size":64290,"filename":"61.jpg","base64_img_data":"","file_attributes":{},"regions":{"0":{"shape_attributes":{"name":"polygon","all_points_x":[137,276,275,138,137],"all_points_y":[224,218,249,254,224]},"region_attributes":{}}}},"64.jpg37316":{"fileref":"","size":37316,"filename":"64.jpg","base64_img_data":"","file_attributes":{},"regions":{"0":{"shape_attributes":{"name":"polygon","all_points_x":[76,167,162,73,76],"all_points_y":[149,148,178,178,149]},"region_attributes":{}}}},"67.jpg23447":{"fileref":"","size":23447,"filename":"67.jpg","base64_img_data":"","file_attributes":{},"regions":{"0":{"shape_attributes":{"name":"polygon","all_points_x":[46,107,107,43,46],"all_points_y":[208,230,260,232,208]},"region_attributes":{}}}},"68.jpg61581":{"fileref":"","size":61581,"filename":"68.jpg","base64_img_data":"","file_attributes":{},"regions":{"0":{"shape_attributes":{"name":"polygon","all_points_x":[94,203,202,97,94],"all_points_y":[308,308,335,337,308]},"region_attributes":{}},"1":{"shape_attributes":{"name":"polygon","all_points_x":[490,524,525,492,490],"all_points_y":[307,306,327,327,307]},"region_attributes":{}}}},"69.jpg35038":{"fileref":"","size":35038,"filename":"69.jpg","base64_img_data":"","file_attributes":{},"regions":{"0":{"shape_attributes":{"name":"polygon","all_points_x":[163,315,315,161,163],"all_points_y":[210,211,249,247,210]},"region_attributes":{}}}},"70.jpg45401":{"fileref":"","size":45401,"filename":"70.jpg","base64_img_data":"","file_attributes":{},"regions":{"0":{"shape_attributes":{"name":"polygon","all_points_x":[172,291,291,175,172],"all_points_y":[226,229,255,256,226]},"region_attributes":{}}}},"71.jpg70865":{"fileref":"","size":70865,"filename":"71.jpg","base64_img_data":"","file_attributes":{},"regions":{"0":{"shape_attributes":{"name":"polygon","all_points_x":[163,328,330,161,163],"all_points_y":[264,262,302,302,264]},"region_attributes":{}}}},"73.jpg192899":{"fileref":"","size":192899,"filename":"73.jpg","base64_img_data":"","file_attributes":{},"regions":{"0":{"shape_attributes":{"name":"polygon","all_points_x":[170,285,279,164,170],"all_points_y":[190,199,226,215,190]},"region_attributes":{}}}},"74.jpg112391":{"fileref":"","size":112391,"filename":"74.jpg","base64_img_data":"","file_attributes":{},"regions":{"0":{"shape_attributes":{"name":"polygon","all_points_x":[175,322,321,176,175],"all_points_y":[180,180,215,211,180]},"region_attributes":{}}}},"76.jpg49055":{"fileref":"","size":49055,"filename":"76.jpg","base64_img_data":"","file_attributes":{},"regions":{"0":{"shape_attributes":{"name":"polygon","all_points_x":[96,175,176,99,96],"all_points_y":[221,218,235,240,221]},"region_attributes":{}},"1":{"shape_attributes":{"name":"polygon","all_points_x":[502,504,432,432,502],"all_points_y":[158,177,177,160,158]},"region_attributes":{}}}},"77.jpg148387":{"fileref":"","size":148387,"filename":"77.jpg","base64_img_data":"","file_attributes":{},"regions":{"0":{"shape_attributes":{"name":"polygon","all_points_x":[145,269,269,142,145],"all_points_y":[251,253,282,279,251]},"region_attributes":{}},"1":{"shape_attributes":{"name":"polygon","all_points_x":[601,598,502,507,601],"all_points_y":[224,259,239,207,224]},"region_attributes":{}}}},"78.jpg65876":{"fileref":"","size":65876,"filename":"78.jpg","base64_img_data":"","file_attributes":{},"regions":{"0":{"shape_attributes":{"name":"polygon","all_points_x":[147,318,317,144,147],"all_points_y":[200,207,253,244,200]},"region_attributes":{}}}},"80.jpg31946":{"fileref":"","size":31946,"filename":"80.jpg","base64_img_data":"","file_attributes":{},"regions":{"0":{"shape_attributes":{"name":"polygon","all_points_x":[171,283,284,170,171],"all_points_y":[145,147,186,185,145]},"region_attributes":{}}}},"83.jpg280145":{"fileref":"","size":280145,"filename":"83.jpg","base64_img_data":"","file_attributes":{},"regions":{}},"84.jpg95533":{"fileref":"","size":95533,"filename":"84.jpg","base64_img_data":"","file_attributes":{},"regions":{"0":{"shape_attributes":{"name":"polygon","all_points_x":[182,308,307,182,182],"all_points_y":[524,524,551,549,524]},"region_attributes":{}}}},"87.jpg34050":{"fileref":"","size":34050,"filename":"87.jpg","base64_img_data":"","file_attributes":{},"regions":{"0":{"shape_attributes":{"name":"polygon","all_points_x":[340,450,452,340,340],"all_points_y":[318,314,346,351,318]},"region_attributes":{}}}},"89.jpg49790":{"fileref":"","size":49790,"filename":"89.jpg","base64_img_data":"","file_attributes":{},"regions":{"0":{"shape_attributes":{"name":"polygon","all_points_x":[215,330,331,214,215],"all_points_y":[138,139,167,168,138]},"region_attributes":{}}}},"90.jpg82530":{"fileref":"","size":82530,"filename":"90.jpg","base64_img_data":"","file_attributes":{},"regions":{"0":{"shape_attributes":{"name":"polygon","all_points_x":[415,600,602,415,415],"all_points_y":[428,430,465,465,428]},"region_attributes":{}}}},"91.jpg41621":{"fileref":"","size":41621,"filename":"91.jpg","base64_img_data":"","file_attributes":{},"regions":{"0":{"shape_attributes":{"name":"polygon","all_points_x":[111,242,241,113,111],"all_points_y":[227,229,257,257,227]},"region_attributes":{}}}},"92.jpg82076":{"fileref":"","size":82076,"filename":"92.jpg","base64_img_data":"","file_attributes":{},"regions":{"0":{"shape_attributes":{"name":"polygon","all_points_x":[383,589,588,387,383],"all_points_y":[400,402,438,439,400]},"region_attributes":{}}}},"93.jpg57576":{"fileref":"","size":57576,"filename":"93.jpg","base64_img_data":"","file_attributes":{},"regions":{"0":{"shape_attributes":{"name":"polygon","all_points_x":[141,348,347,144,141],"all_points_y":[251,258,303,298,251]},"region_attributes":{}}}},"95.jpg105223":{"fileref":"","size":105223,"filename":"95.jpg","base64_img_data":"","file_attributes":{},"regions":{"0":{"shape_attributes":{"name":"polygon","all_points_x":[137,350,351,139,137],"all_points_y":[440,435,484,487,440]},"region_attributes":{}}}},"96.jpg248347":{"fileref":"","size":248347,"filename":"96.jpg","base64_img_data":"","file_attributes":{},"regions":{"0":{"shape_attributes":{"name":"polygon","all_points_x":[819,1059,1063,823,819],"all_points_y":[679,672,719,730,679]},"region_attributes":{}}}},"98.jpg1387599":{"fileref":"","size":1387599,"filename":"98.jpg","base64_img_data":"","file_attributes":{},"regions":{"0":{"shape_attributes":{"name":"polygon","all_points_x":[894,1539,1536,899,894],"all_points_y":[827,819,949,957,827]},"region_attributes":{}}}},"99.jpg60611":{"fileref":"","size":60611,"filename":"99.jpg","base64_img_data":"","file_attributes":{},"regions":{"0":{"shape_attributes":{"name":"polygon","all_points_x":[313,373,376,318,313],"all_points_y":[121,109,127,143,121]},"region_attributes":{}}}},"100.jpg128828":{"fileref":"","size":128828,"filename":"100.jpg","base64_img_data":"","file_attributes":{},"regions":{"0":{"shape_attributes":{"name":"polygon","all_points_x":[631,758,759,631,631],"all_points_y":[310,284,318,355,310]},"region_attributes":{}}}},"102.jpg38956":{"fileref":"","size":38956,"filename":"102.jpg","base64_img_data":"","file_attributes":{},"regions":{"0":{"shape_attributes":{"name":"polygon","all_points_x":[68,155,155,69,68],"all_points_y":[168,176,194,187,168]},"region_attributes":{}}}},"103.jpg95465":{"fileref":"","size":95465,"filename":"103.jpg","base64_img_data":"","file_attributes":{},"regions":{"0":{"shape_attributes":{"name":"polygon","all_points_x":[292,447,446,292,292],"all_points_y":[223,223,253,256,223]},"region_attributes":{}}}},"107.jpg12238":{"fileref":"","size":12238,"filename":"107.jpg","base64_img_data":"","file_attributes":{},"regions":{"0":{"shape_attributes":{"name":"polygon","all_points_x":[133,207,207,130,133],"all_points_y":[131,137,155,150,131]},"region_attributes":{}}}},"117.jpg258169":{"fileref":"","size":258169,"filename":"117.jpg","base64_img_data":"","file_attributes":{},"regions":{"0":{"shape_attributes":{"name":"polygon","all_points_x":[464,853,845,471,464],"all_points_y":[770,772,935,938,770]},"region_attributes":{}}}},"118.jpg222047":{"fileref":"","size":222047,"filename":"118.jpg","base64_img_data":"","file_attributes":{},"regions":{"0":{"shape_attributes":{"name":"polygon","all_points_x":[233,315,314,231,233],"all_points_y":[204,197,227,232,204]},"region_attributes":{}}}},"135.jpg116875":{"fileref":"","size":116875,"filename":"135.jpg","base64_img_data":"","file_attributes":{},"regions":{"0":{"shape_attributes":{"name":"polygon","all_points_x":[276,481,478,278,276],"all_points_y":[333,336,386,382,333]},"region_attributes":{}}}},"136.jpg22467":{"fileref":"","size":22467,"filename":"136.jpg","base64_img_data":"","file_attributes":{},"regions":{"0":{"shape_attributes":{"name":"polygon","all_points_x":[140,306,306,139,140],"all_points_y":[136,136,180,183,136]},"region_attributes":{}}}},"137.jpg73923":{"fileref":"","size":73923,"filename":"137.jpg","base64_img_data":"","file_attributes":{},"regions":{"0":{"shape_attributes":{"name":"polygon","all_points_x":[186,324,324,186,186],"all_points_y":[115,117,148,146,115]},"region_attributes":{}}}},"138.jpg80406":{"fileref":"","size":80406,"filename":"138.jpg","base64_img_data":"","file_attributes":{},"regions":{"0":{"shape_attributes":{"name":"polygon","all_points_x":[446,622,625,448,446],"all_points_y":[267,271,342,339,267]},"region_attributes":{}}}},"140.jpg55837":{"fileref":"","size":55837,"filename":"140.jpg","base64_img_data":"","file_attributes":{},"regions":{"0":{"shape_attributes":{"name":"polygon","all_points_x":[168,282,280,163,168],"all_points_y":[101,103,135,130,101]},"region_attributes":{}}}},"141.jpg54543":{"fileref":"","size":54543,"filename":"141.jpg","base64_img_data":"","file_attributes":{},"regions":{"0":{"shape_attributes":{"name":"polygon","all_points_x":[165,336,336,163,165],"all_points_y":[155,156,194,194,155]},"region_attributes":{}}}},"143.jpg71521":{"fileref":"","size":71521,"filename":"143.jpg","base64_img_data":"","file_attributes":{},"regions":{"0":{"shape_attributes":{"name":"polygon","all_points_x":[233,360,358,231,233],"all_points_y":[190,194,219,215,190]},"region_attributes":{}}}},"144.jpg23446":{"fileref":"","size":23446,"filename":"144.jpg","base64_img_data":"","file_attributes":{},"regions":{"0":{"shape_attributes":{"name":"polygon","all_points_x":[204,294,294,203,204],"all_points_y":[219,222,242,240,219]},"region_attributes":{}}}},"145.jpg41621":{"fileref":"","size":41621,"filename":"145.jpg","base64_img_data":"","file_attributes":{},"regions":{"0":{"shape_attributes":{"name":"polygon","all_points_x":[211,334,328,205,211],"all_points_y":[291,331,352,313,291]},"region_attributes":{}}}},"146.jpg41744":{"fileref":"","size":41744,"filename":"146.jpg","base64_img_data":"","file_attributes":{},"regions":{"0":{"shape_attributes":{"name":"polygon","all_points_x":[123,243,243,122,123],"all_points_y":[165,173,204,192,165]},"region_attributes":{}}}},"147.jpg418625":{"fileref":"","size":418625,"filename":"147.jpg","base64_img_data":"","file_attributes":{},"regions":{"0":{"shape_attributes":{"name":"polygon","all_points_x":[143,300,300,143,143],"all_points_y":[283,298,328,313,283]},"region_attributes":{}}}},"148.jpg55984":{"fileref":"","size":55984,"filename":"148.jpg","base64_img_data":"","file_attributes":{},"regions":{"0":{"shape_attributes":{"name":"polygon","all_points_x":[167,312,311,165,167],"all_points_y":[217,220,263,256,217]},"region_attributes":{}}}},"149.jpg108025":{"fileref":"","size":108025,"filename":"149.jpg","base64_img_data":"","file_attributes":{},"regions":{"0":{"shape_attributes":{"name":"polygon","all_points_x":[195,367,364,191,195],"all_points_y":[281,285,326,324,281]},"region_attributes":{}}}},"150.jpg50128":{"fileref":"","size":50128,"filename":"150.jpg","base64_img_data":"","file_attributes":{},"regions":{"0":{"shape_attributes":{"name":"polygon","all_points_x":[133,300,299,132,133],"all_points_y":[312,311,349,349,312]},"region_attributes":{}}}},"151.jpg85887":{"fileref":"","size":85887,"filename":"151.jpg","base64_img_data":"","file_attributes":{},"regions":{"0":{"shape_attributes":{"name":"polygon","all_points_x":[24,142,142,27,24],"all_points_y":[209,210,249,246,209]},"region_attributes":{}}}},"152.jpg37509":{"fileref":"","size":37509,"filename":"152.jpg","base64_img_data":"","file_attributes":{},"regions":{"0":{"shape_attributes":{"name":"polygon","all_points_x":[224,306,307,226,224],"all_points_y":[166,162,183,186,166]},"region_attributes":{}}}},"153.jpg44639":{"fileref":"","size":44639,"filename":"153.jpg","base64_img_data":"","file_attributes":{},"regions":{"0":{"shape_attributes":{"name":"polygon","all_points_x":[153,365,366,156,153],"all_points_y":[150,136,170,189,150]},"region_attributes":{}}}},"154.jpg111287":{"fileref":"","size":111287,"filename":"154.jpg","base64_img_data":"","file_attributes":{},"regions":{"0":{"shape_attributes":{"name":"polygon","all_points_x":[653,733,733,653,653],"all_points_y":[346,332,370,391,346]},"region_attributes":{}}}},"155.jpg59551":{"fileref":"","size":59551,"filename":"155.jpg","base64_img_data":"","file_attributes":{},"regions":{"0":{"shape_attributes":{"name":"polygon","all_points_x":[185,334,334,186,185],"all_points_y":[219,221,251,254,219]},"region_attributes":{}}}},"157.jpg94580":{"fileref":"","size":94580,"filename":"157.jpg","base64_img_data":"","file_attributes":{},"regions":{"0":{"shape_attributes":{"name":"polygon","all_points_x":[329,686,683,325,329],"all_points_y":[293,301,375,364,293]},"region_attributes":{}}}},"158.jpg75957":{"fileref":"","size":75957,"filename":"158.jpg","base64_img_data":"","file_attributes":{},"regions":{"0":{"shape_attributes":{"name":"polygon","all_points_x":[200,351,353,199,200],"all_points_y":[141,140,172,175,141]},"region_attributes":{}}}},"159.jpg57024":{"fileref":"","size":57024,"filename":"159.jpg","base64_img_data":"","file_attributes":{},"regions":{"0":{"shape_attributes":{"name":"polygon","all_points_x":[155,310,310,154,155],"all_points_y":[230,236,277,273,230]},"region_attributes":{}}}},"160.jpg53344":{"fileref":"","size":53344,"filename":"160.jpg","base64_img_data":"","file_attributes":{},"regions":{"0":{"shape_attributes":{"name":"polygon","all_points_x":[123,395,395,122,123],"all_points_y":[273,273,330,330,273]},"region_attributes":{}}}},"161.jpg55444":{"fileref":"","size":55444,"filename":"161.jpg","base64_img_data":"","file_attributes":{},"regions":{"0":{"shape_attributes":{"name":"polygon","all_points_x":[190,330,330,191,190],"all_points_y":[272,269,300,305,272]},"region_attributes":{}}}},"162.jpg60843":{"fileref":"","size":60843,"filename":"162.jpg","base64_img_data":"","file_attributes":{},"regions":{"0":{"shape_attributes":{"name":"polygon","all_points_x":[146,333,330,144,146],"all_points_y":[256,262,301,295,256]},"region_attributes":{}}}},"163.jpg8074":{"fileref":"","size":8074,"filename":"163.jpg","base64_img_data":"","file_attributes":{},"regions":{"0":{"shape_attributes":{"name":"polygon","all_points_x":[119,184,184,120,119],"all_points_y":[109,110,131,132,109]},"region_attributes":{}}}},"164.jpg18758":{"fileref":"","size":18758,"filename":"164.jpg","base64_img_data":"","file_attributes":{},"regions":{"0":{"shape_attributes":{"name":"polygon","all_points_x":[122,222,223,123,122],"all_points_y":[267,265,289,295,267]},"region_attributes":{}}}},"166.jpg97371":{"fileref":"","size":97371,"filename":"166.jpg","base64_img_data":"","file_attributes":{},"regions":{"0":{"shape_attributes":{"name":"polygon","all_points_x":[192,389,389,192,192],"all_points_y":[231,231,271,274,231]},"region_attributes":{}}}},"167.jpg60763":{"fileref":"","size":60763,"filename":"167.jpg","base64_img_data":"","file_attributes":{},"regions":{"0":{"shape_attributes":{"name":"polygon","all_points_x":[333,831,854,347,333],"all_points_y":[317,222,318,411,317]},"region_attributes":{}}}},"168.jpg106895":{"fileref":"","size":106895,"filename":"168.jpg","base64_img_data":"","file_attributes":{},"regions":{"0":{"shape_attributes":{"name":"polygon","all_points_x":[351,561,571,368,351],"all_points_y":[222,185,244,306,222]},"region_attributes":{}}}},"172.jpg245859":{"fileref":"","size":245859,"filename":"172.jpg","base64_img_data":"","file_attributes":{},"regions":{"0":{"shape_attributes":{"name":"polygon","all_points_x":[1024,1260,1265,1027,1024],"all_points_y":[629,609,660,683,629]},"region_attributes":{}}}},"175.jpg79567":{"fileref":"","size":79567,"filename":"175.jpg","base64_img_data":"","file_attributes":{},"regions":{"0":{"shape_attributes":{"name":"polygon","all_points_x":[342,494,493,342,342],"all_points_y":[244,241,287,294,244]},"region_attributes":{}}}},"176.jpg97790":{"fileref":"","size":97790,"filename":"176.jpg","base64_img_data":"","file_attributes":{},"regions":{"0":{"shape_attributes":{"name":"polygon","all_points_x":[249,246,417,418,246,249],"all_points_y":[378,381,379,421,418,378]},"region_attributes":{}}}},"177.jpg20590":{"fileref":"","size":20590,"filename":"177.jpg","base64_img_data":"","file_attributes":{},"regions":{"0":{"shape_attributes":{"name":"polygon","all_points_x":[114,303,307,116,114],"all_points_y":[181,169,224,246,181]},"region_attributes":{}},"1":{"shape_attributes":{"name":"polygon","all_points_x":[642,583,590,647,642],"all_points_y":[130,136,175,169,130]},"region_attributes":{}}}},"180.jpg34359":{"fileref":"","size":34359,"filename":"180.jpg","base64_img_data":"","file_attributes":{},"regions":{"0":{"shape_attributes":{"name":"polygon","all_points_x":[218,423,424,220,218],"all_points_y":[149,147,193,192,149]},"region_attributes":{}}}},"185.jpg35352":{"fileref":"","size":35352,"filename":"185.jpg","base64_img_data":"","file_attributes":{},"regions":{"0":{"shape_attributes":{"name":"polygon","all_points_x":[230,420,419,230,230],"all_points_y":[134,125,167,180,134]},"region_attributes":{}}}},"186.jpg24991":{"fileref":"","size":24991,"filename":"186.jpg","base64_img_data":"","file_attributes":{},"regions":{"0":{"shape_attributes":{"name":"polygon","all_points_x":[232,433,432,234,232],"all_points_y":[105,86,132,157,105]},"region_attributes":{}}}},"188.jpg34989":{"fileref":"","size":34989,"filename":"188.jpg","base64_img_data":"","file_attributes":{},"regions":{"0":{"shape_attributes":{"name":"polygon","all_points_x":[150,254,254,151,150],"all_points_y":[199,198,219,219,199]},"region_attributes":{}}}},"189.jpg34700":{"fileref":"","size":34700,"filename":"189.jpg","base64_img_data":"","file_attributes":{},"regions":{"0":{"shape_attributes":{"name":"polygon","all_points_x":[125,245,245,127,125],"all_points_y":[144,143,168,164,144]},"region_attributes":{}}}},"190.jpg109563":{"fileref":"","size":109563,"filename":"190.jpg","base64_img_data":"","file_attributes":{},"regions":{"0":{"shape_attributes":{"name":"polygon","all_points_x":[245,312,311,248,245],"all_points_y":[273,292,313,292,273]},"region_attributes":{}},"1":{"shape_attributes":{"name":"polygon","all_points_x":[91,92,60,60,91],"all_points_y":[215,229,221,207,215]},"region_attributes":{}}}},"191.jpg134166":{"fileref":"","size":134166,"filename":"191.jpg","base64_img_data":"","file_attributes":{},"regions":{"0":{"shape_attributes":{"name":"polygon","all_points_x":[400,588,588,400,400],"all_points_y":[460,461,497,498,460]},"region_attributes":{}}}},"193.jpg65234":{"fileref":"","size":65234,"filename":"193.jpg","base64_img_data":"","file_attributes":{},"regions":{"0":{"shape_attributes":{"name":"polygon","all_points_x":[317,474,475,318,317],"all_points_y":[263,260,299,301,263]},"region_attributes":{}}}},"194.jpg45434":{"fileref":"","size":45434,"filename":"194.jpg","base64_img_data":"","file_attributes":{},"regions":{"0":{"shape_attributes":{"name":"polygon","all_points_x":[187,248,248,186,187],"all_points_y":[211,215,233,228,211]},"region_attributes":{}}}},"195.jpg81789":{"fileref":"","size":81789,"filename":"195.jpg","base64_img_data":"","file_attributes":{},"regions":{"0":{"shape_attributes":{"name":"polygon","all_points_x":[179,346,344,180,179],"all_points_y":[265,257,288,296,265]},"region_attributes":{}}}},"196.jpg75124":{"fileref":"","size":75124,"filename":"196.jpg","base64_img_data":"","file_attributes":{},"regions":{"0":{"shape_attributes":{"name":"polygon","all_points_x":[106,247,248,109,106],"all_points_y":[158,163,200,194,158]},"region_attributes":{}}}},"197.jpg85101":{"fileref":"","size":85101,"filename":"197.jpg","base64_img_data":"","file_attributes":{},"regions":{"0":{"shape_attributes":{"name":"polygon","all_points_x":[212,338,339,213,212],"all_points_y":[278,284,307,306,278]},"region_attributes":{}}}},"198.jpg58283":{"fileref":"","size":58283,"filename":"198.jpg","base64_img_data":"","file_attributes":{},"regions":{"0":{"shape_attributes":{"name":"polygon","all_points_x":[204,387,384,208,204],"all_points_y":[194,191,226,227,194]},"region_attributes":{}}}},"199.jpg77029":{"fileref":"","size":77029,"filename":"199.jpg","base64_img_data":"","file_attributes":{},"regions":{"0":{"shape_attributes":{"name":"polygon","all_points_x":[240,346,346,239,240],"all_points_y":[190,190,214,213,190]},"region_attributes":{}}}},"200.jpg57744":{"fileref":"","size":57744,"filename":"200.jpg","base64_img_data":"","file_attributes":{},"regions":{"0":{"shape_attributes":{"name":"polygon","all_points_x":[810,1027,1031,813,810],"all_points_y":[246,244,289,302,246]},"region_attributes":{}}}},"202.jpg12760":{"fileref":"","size":12760,"filename":"202.jpg","base64_img_data":"","file_attributes":{},"regions":{"0":{"shape_attributes":{"name":"polygon","all_points_x":[121,219,218,120,121],"all_points_y":[83,85,106,107,83]},"region_attributes":{}}}},"203.jpg571522":{"fileref":"","size":571522,"filename":"203.jpg","base64_img_data":"","file_attributes":{},"regions":{"0":{"shape_attributes":{"name":"polygon","all_points_x":[350,600,600,348,350],"all_points_y":[960,956,1020,1028,960]},"region_attributes":{}}}},"204.jpg83257":{"fileref":"","size":83257,"filename":"204.jpg","base64_img_data":"","file_attributes":{},"regions":{"0":{"shape_attributes":{"name":"polygon","all_points_x":[540,763,765,543,540],"all_points_y":[394,406,461,453,394]},"region_attributes":{}}}},"207.jpg195683":{"fileref":"","size":195683,"filename":"207.jpg","base64_img_data":"","file_attributes":{},"regions":{"0":{"shape_attributes":{"name":"polygon","all_points_x":[83,183,184,83,83],"all_points_y":[140,141,164,164,140]},"region_attributes":{}}}},"208.jpg85354":{"fileref":"","size":85354,"filename":"208.jpg","base64_img_data":"","file_attributes":{},"regions":{"0":{"shape_attributes":{"name":"polygon","all_points_x":[168,319,321,168,168],"all_points_y":[284,286,321,320,284]},"region_attributes":{}}}},"209.jpg40985":{"fileref":"","size":40985,"filename":"209.jpg","base64_img_data":"","file_attributes":{},"regions":{"0":{"shape_attributes":{"name":"polygon","all_points_x":[117,224,226,121,117],"all_points_y":[139,133,175,188,139]},"region_attributes":{}}}},"210.jpg80805":{"fileref":"","size":80805,"filename":"210.jpg","base64_img_data":"","file_attributes":{},"regions":{"0":{"shape_attributes":{"name":"polygon","all_points_x":[202,268,268,202,202],"all_points_y":[207,206,223,227,207]},"region_attributes":{}}}},"211.jpg91420":{"fileref":"","size":91420,"filename":"211.jpg","base64_img_data":"","file_attributes":{},"regions":{"0":{"shape_attributes":{"name":"polygon","all_points_x":[566,670,671,566,566],"all_points_y":[215,210,232,241,215]},"region_attributes":{}}}},"212.jpg95179":{"fileref":"","size":95179,"filename":"212.jpg","base64_img_data":"","file_attributes":{},"regions":{"0":{"shape_attributes":{"name":"polygon","all_points_x":[21,88,86,19,21],"all_points_y":[252,289,313,278,252]},"region_attributes":{}}}},"213.jpg54370":{"fileref":"","size":54370,"filename":"213.jpg","base64_img_data":"","file_attributes":{},"regions":{"0":{"shape_attributes":{"name":"polygon","all_points_x":[250,368,368,249,250],"all_points_y":[201,200,226,227,201]},"region_attributes":{}}}},"215.jpg119414":{"fileref":"","size":119414,"filename":"215.jpg","base64_img_data":"","file_attributes":{},"regions":{"0":{"shape_attributes":{"name":"polygon","all_points_x":[248,371,373,248,248],"all_points_y":[241,242,289,293,241]},"region_attributes":{}}}},"216.jpg34705":{"fileref":"","size":34705,"filename":"216.jpg","base64_img_data":"","file_attributes":{},"regions":{"0":{"shape_attributes":{"name":"polygon","all_points_x":[167,271,271,273,166,167],"all_points_y":[225,220,223,245,248,225]},"region_attributes":{}}}},"217.jpg40887":{"fileref":"","size":40887,"filename":"217.jpg","base64_img_data":"","file_attributes":{},"regions":{"0":{"shape_attributes":{"name":"polygon","all_points_x":[123,242,242,120,123],"all_points_y":[169,174,199,193,169]},"region_attributes":{}}}},"220.jpg70757":{"fileref":"","size":70757,"filename":"220.jpg","base64_img_data":"","file_attributes":{},"regions":{"0":{"shape_attributes":{"name":"polygon","all_points_x":[162,363,360,164,162],"all_points_y":[212,211,251,253,212]},"region_attributes":{}}}},"221.jpg64057":{"fileref":"","size":64057,"filename":"221.jpg","base64_img_data":"","file_attributes":{},"regions":{"0":{"shape_attributes":{"name":"polygon","all_points_x":[60,244,245,63,60],"all_points_y":[237,238,275,272,237]},"region_attributes":{}}}},"222.jpg63750":{"fileref":"","size":63750,"filename":"222.jpg","base64_img_data":"","file_attributes":{},"regions":{"0":{"shape_attributes":{"name":"polygon","all_points_x":[134,390,389,139,134],"all_points_y":[141,127,186,203,141]},"region_attributes":{}}}},"223.jpg46128":{"fileref":"","size":46128,"filename":"223.jpg","base64_img_data":"","file_attributes":{},"regions":{"0":{"shape_attributes":{"name":"polygon","all_points_x":[159,368,370,160,159],"all_points_y":[102,97,142,150,102]},"region_attributes":{}}}},"224.jpg76884":{"fileref":"","size":76884,"filename":"224.jpg","base64_img_data":"","file_attributes":{},"regions":{"0":{"shape_attributes":{"name":"polygon","all_points_x":[168,167,333,333,168,168],"all_points_y":[135,133,134,177,174,135]},"region_attributes":{}}}},"226.jpg54650":{"fileref":"","size":54650,"filename":"226.jpg","base64_img_data":"","file_attributes":{},"regions":{"0":{"shape_attributes":{"name":"polygon","all_points_x":[159,325,324,162,159],"all_points_y":[259,259,299,298,259]},"region_attributes":{}}}},"227.jpg69816":{"fileref":"","size":69816,"filename":"227.jpg","base64_img_data":"","file_attributes":{},"regions":{"0":{"shape_attributes":{"name":"polygon","all_points_x":[188,378,381,189,188],"all_points_y":[324,316,360,371,324]},"region_attributes":{}}}},"228.jpg87959":{"fileref":"","size":87959,"filename":"228.jpg","base64_img_data":"","file_attributes":{},"regions":{"0":{"shape_attributes":{"name":"polygon","all_points_x":[238,376,379,242,238],"all_points_y":[116,118,147,151,116]},"region_attributes":{}}}},"232.jpg49655":{"fileref":"","size":49655,"filename":"232.jpg","base64_img_data":"","file_attributes":{},"regions":{"0":{"shape_attributes":{"name":"polygon","all_points_x":[50,183,183,53,50],"all_points_y":[198,202,236,234,198]},"region_attributes":{}}}},"233.jpg73355":{"fileref":"","size":73355,"filename":"233.jpg","base64_img_data":"","file_attributes":{},"regions":{"0":{"shape_attributes":{"name":"polygon","all_points_x":[111,279,281,113,111],"all_points_y":[351,351,384,389,351]},"region_attributes":{}}}},"234.jpg66515":{"fileref":"","size":66515,"filename":"234.jpg","base64_img_data":"","file_attributes":{},"regions":{"0":{"shape_attributes":{"name":"polygon","all_points_x":[153,339,340,154,153],"all_points_y":[228,222,260,265,228]},"region_attributes":{}}}},"235.jpg92164":{"fileref":"","size":92164,"filename":"235.jpg","base64_img_data":"","file_attributes":{},"regions":{"0":{"shape_attributes":{"name":"polygon","all_points_x":[145,335,336,146,145],"all_points_y":[219,219,253,257,219]},"region_attributes":{}}}},"238.jpg45953":{"fileref":"","size":45953,"filename":"238.jpg","base64_img_data":"","file_attributes":{},"regions":{"0":{"shape_attributes":{"name":"polygon","all_points_x":[202,344,345,203,202],"all_points_y":[110,113,144,139,110]},"region_attributes":{}}}},"239.jpg41947":{"fileref":"","size":41947,"filename":"239.jpg","base64_img_data":"","file_attributes":{},"regions":{"0":{"shape_attributes":{"name":"polygon","all_points_x":[105,207,206,102,105],"all_points_y":[153,153,188,186,153]},"region_attributes":{}}}},"240.jpg30710":{"fileref":"","size":30710,"filename":"240.jpg","base64_img_data":"","file_attributes":{},"regions":{"0":{"shape_attributes":{"name":"polygon","all_points_x":[120,214,216,121,120],"all_points_y":[119,122,147,149,119]},"region_attributes":{}}}},"241.jpg39551":{"fileref":"","size":39551,"filename":"241.jpg","base64_img_data":"","file_attributes":{},"regions":{"0":{"shape_attributes":{"name":"polygon","all_points_x":[111,251,251,109,111],"all_points_y":[154,150,182,186,154]},"region_attributes":{}}}},"242.jpg40261":{"fileref":"","size":40261,"filename":"242.jpg","base64_img_data":"","file_attributes":{},"regions":{"0":{"shape_attributes":{"name":"polygon","all_points_x":[146,312,311,146,146],"all_points_y":[166,170,205,203,166]},"region_attributes":{}}}},"243.jpg25433":{"fileref":"","size":25433,"filename":"243.jpg","base64_img_data":"","file_attributes":{},"regions":{"0":{"shape_attributes":{"name":"polygon","all_points_x":[24,137,137,22,24],"all_points_y":[128,132,163,158,128]},"region_attributes":{}}}},"244.jpg62764":{"fileref":"","size":62764,"filename":"244.jpg","base64_img_data":"","file_attributes":{},"regions":{"0":{"shape_attributes":{"name":"polygon","all_points_x":[178,348,348,178,178],"all_points_y":[236,240,273,270,236]},"region_attributes":{}}}},"245.jpg64577":{"fileref":"","size":64577,"filename":"245.jpg","base64_img_data":"","file_attributes":{},"regions":{"0":{"shape_attributes":{"name":"polygon","all_points_x":[192,307,308,196,192],"all_points_y":[165,161,188,189,165]},"region_attributes":{}}}},"246.jpg95739":{"fileref":"","size":95739,"filename":"246.jpg","base64_img_data":"","file_attributes":{},"regions":{"0":{"shape_attributes":{"name":"polygon","all_points_x":[183,293,296,184,183],"all_points_y":[220,214,240,243,220]},"region_attributes":{}}}},"247.jpg45434":{"fileref":"","size":45434,"filename":"247.jpg","base64_img_data":"","file_attributes":{},"regions":{"0":{"shape_attributes":{"name":"polygon","all_points_x":[185,244,247,186,185],"all_points_y":[211,213,230,230,211]},"region_attributes":{}}}},"249.jpg11844":{"fileref":"","size":11844,"filename":"249.jpg","base64_img_data":"","file_attributes":{},"regions":{"0":{"shape_attributes":{"name":"polygon","all_points_x":[98,145,146,97,98,98],"all_points_y":[110,107,119,122,116,110]},"region_attributes":{}}}},"250.jpg22975":{"fileref":"","size":22975,"filename":"250.jpg","base64_img_data":"","file_attributes":{},"regions":{"0":{"shape_attributes":{"name":"polygon","all_points_x":[97,188,190,99,97],"all_points_y":[264,265,288,287,264]},"region_attributes":{}}}},"252.jpg94693":{"fileref":"","size":94693,"filename":"252.jpg","base64_img_data":"","file_attributes":{},"regions":{"0":{"shape_attributes":{"name":"polygon","all_points_x":[105,165,165,106,105],"all_points_y":[183,182,198,198,183]},"region_attributes":{}},"1":{"shape_attributes":{"name":"polygon","all_points_x":[384,360,360,382,384],"all_points_y":[189,187,203,204,189]},"region_attributes":{}}}},"255.jpg761141":{"fileref":"","size":761141,"filename":"255.jpg","base64_img_data":"","file_attributes":{},"regions":{"0":{"shape_attributes":{"name":"polygon","all_points_x":[1304,1790,1783,1300,1304],"all_points_y":[1768,1727,1839,1895,1768]},"region_attributes":{}}}},"256.jpg896137":{"fileref":"","size":896137,"filename":"256.jpg","base64_img_data":"","file_attributes":{},"regions":{"0":{"shape_attributes":{"name":"polygon","all_points_x":[243,425,410,236,243],"all_points_y":[797,809,886,861,797]},"region_attributes":{}}}},"257.jpg231112":{"fileref":"","size":231112,"filename":"257.jpg","base64_img_data":"","file_attributes":{},"regions":{"0":{"shape_attributes":{"name":"polygon","all_points_x":[403,459,459,404,403],"all_points_y":[287,277,290,303,287]},"region_attributes":{}}}},"258.jpg58724":{"fileref":"","size":58724,"filename":"258.jpg","base64_img_data":"","file_attributes":{},"regions":{"0":{"shape_attributes":{"name":"polygon","all_points_x":[192,329,331,195,192],"all_points_y":[325,324,356,356,325]},"region_attributes":{}}}},"259.jpg122217":{"fileref":"","size":122217,"filename":"259.jpg","base64_img_data":"","file_attributes":{},"regions":{"0":{"shape_attributes":{"name":"polygon","all_points_x":[277,490,492,278,278,277],"all_points_y":[516,524,568,564,522,516]},"region_attributes":{}}}},"260.jpg63841":{"fileref":"","size":63841,"filename":"260.jpg","base64_img_data":"","file_attributes":{},"regions":{"0":{"shape_attributes":{"name":"polygon","all_points_x":[632,781,789,637,632],"all_points_y":[319,313,351,365,319]},"region_attributes":{}}}},"261.jpg47624":{"fileref":"","size":47624,"filename":"261.jpg","base64_img_data":"","file_attributes":{},"regions":{"0":{"shape_attributes":{"name":"polygon","all_points_x":[455,591,589,454,455],"all_points_y":[354,364,390,379,354]},"region_attributes":{}}}},"262.jpg121800":{"fileref":"","size":121800,"filename":"262.jpg","base64_img_data":"","file_attributes":{},"regions":{"0":{"shape_attributes":{"name":"polygon","all_points_x":[608,777,792,618,608],"all_points_y":[410,396,443,465,410]},"region_attributes":{}}}},"263.jpg147874":{"fileref":"","size":147874,"filename":"263.jpg","base64_img_data":"","file_attributes":{},"regions":{"0":{"shape_attributes":{"name":"polygon","all_points_x":[314,494,496,314,314],"all_points_y":[408,406,446,447,408]},"region_attributes":{}}}},"264.jpg190665":{"fileref":"","size":190665,"filename":"264.jpg","base64_img_data":"","file_attributes":{},"regions":{"0":{"shape_attributes":{"name":"polygon","all_points_x":[375,594,601,384,375],"all_points_y":[322,288,331,379,322]},"region_attributes":{}}}},"265.jpg33834":{"fileref":"","size":33834,"filename":"265.jpg","base64_img_data":"","file_attributes":{},"regions":{"0":{"shape_attributes":{"name":"polygon","all_points_x":[167,285,285,168,167],"all_points_y":[360,361,386,384,360]},"region_attributes":{}}}},"267.jpg55019":{"fileref":"","size":55019,"filename":"267.jpg","base64_img_data":"","file_attributes":{},"regions":{"0":{"shape_attributes":{"name":"polygon","all_points_x":[588,683,688,598,588],"all_points_y":[322,295,309,341,322]},"region_attributes":{}}}},"268.jpg90723":{"fileref":"","size":90723,"filename":"268.jpg","base64_img_data":"","file_attributes":{},"regions":{"0":{"shape_attributes":{"name":"polygon","all_points_x":[402,609,616,411,402],"all_points_y":[448,426,464,487,448]},"region_attributes":{}}}},"269.jpg42955":{"fileref":"","size":42955,"filename":"269.jpg","base64_img_data":"","file_attributes":{},"regions":{"0":{"shape_attributes":{"name":"polygon","all_points_x":[187,347,348,186,187],"all_points_y":[347,340,376,385,347]},"region_attributes":{}}}},"270.jpg42717":{"fileref":"","size":42717,"filename":"270.jpg","base64_img_data":"","file_attributes":{},"regions":{"0":{"shape_attributes":{"name":"polygon","all_points_x":[198,391,391,196,198],"all_points_y":[518,515,550,553,518]},"region_attributes":{}}}},"271.jpg115388":{"fileref":"","size":115388,"filename":"271.jpg","base64_img_data":"","file_attributes":{},"regions":{"0":{"shape_attributes":{"name":"polygon","all_points_x":[343,537,537,344,343],"all_points_y":[354,358,393,389,354]},"region_attributes":{}}}},"272.jpg70396":{"fileref":"","size":70396,"filename":"272.jpg","base64_img_data":"","file_attributes":{},"regions":{"0":{"shape_attributes":{"name":"polygon","all_points_x":[146,351,354,151,146],"all_points_y":[458,456,495,494,458]},"region_attributes":{}}}},"273.jpg80870":{"fileref":"","size":80870,"filename":"273.jpg","base64_img_data":"","file_attributes":{},"regions":{"0":{"shape_attributes":{"name":"polygon","all_points_x":[180,339,339,183,180],"all_points_y":[592,592,620,619,592]},"region_attributes":{}}}},"274.jpg79958":{"fileref":"","size":79958,"filename":"274.jpg","base64_img_data":"","file_attributes":{},"regions":{"0":{"shape_attributes":{"name":"polygon","all_points_x":[697,804,805,700,697],"all_points_y":[403,369,399,437,403]},"region_attributes":{}}}},"275.jpg58075":{"fileref":"","size":58075,"filename":"275.jpg","base64_img_data":"","file_attributes":{},"regions":{"0":{"shape_attributes":{"name":"polygon","all_points_x":[131,242,242,130,131],"all_points_y":[302,308,330,325,302]},"region_attributes":{}}}},"276.jpg56205":{"fileref":"","size":56205,"filename":"276.jpg","base64_img_data":"","file_attributes":{},"regions":{"0":{"shape_attributes":{"name":"polygon","all_points_x":[132,258,258,133,132],"all_points_y":[240,240,270,269,240]},"region_attributes":{}}}},"277.jpg51077":{"fileref":"","size":51077,"filename":"277.jpg","base64_img_data":"","file_attributes":{},"regions":{"0":{"shape_attributes":{"name":"polygon","all_points_x":[223,343,341,224,223],"all_points_y":[463,461,493,495,463]},"region_attributes":{}}}},"278.jpg88124":{"fileref":"","size":88124,"filename":"278.jpg","base64_img_data":"","file_attributes":{},"regions":{"0":{"shape_attributes":{"name":"polygon","all_points_x":[314,441,441,314,314],"all_points_y":[331,309,332,359,331]},"region_attributes":{}}}},"279.jpg73748":{"fileref":"","size":73748,"filename":"279.jpg","base64_img_data":"","file_attributes":{},"regions":{"0":{"shape_attributes":{"name":"polygon","all_points_x":[236,320,320,237,236],"all_points_y":[237,229,248,259,237]},"region_attributes":{}}}},"280.jpg88706":{"fileref":"","size":88706,"filename":"280.jpg","base64_img_data":"","file_attributes":{},"regions":{"0":{"shape_attributes":{"name":"polygon","all_points_x":[311,668,661,309,311],"all_points_y":[437,453,531,512,437]},"region_attributes":{}}}},"281.jpg34104":{"fileref":"","size":34104,"filename":"281.jpg","base64_img_data":"","file_attributes":{},"regions":{"0":{"shape_attributes":{"name":"polygon","all_points_x":[313,403,404,316,313],"all_points_y":[343,341,363,366,343]},"region_attributes":{}}}},"284.jpg60704":{"fileref":"","size":60704,"filename":"284.jpg","base64_img_data":"","file_attributes":{},"regions":{"0":{"shape_attributes":{"name":"polygon","all_points_x":[211,395,369,191,211],"all_points_y":[138,166,245,207,138]},"region_attributes":{}}}},"285.jpg13442":{"fileref":"","size":13442,"filename":"285.jpg","base64_img_data":"","file_attributes":{},"regions":{"0":{"shape_attributes":{"name":"polygon","all_points_x":[181,276,276,181,181],"all_points_y":[206,205,222,223,206]},"region_attributes":{}}}},"286.jpg32078":{"fileref":"","size":32078,"filename":"286.jpg","base64_img_data":"","file_attributes":{},"regions":{"0":{"shape_attributes":{"name":"polygon","all_points_x":[122,206,208,123,122],"all_points_y":[212,212,231,229,212]},"region_attributes":{}}}},"287.jpg25516":{"fileref":"","size":25516,"filename":"287.jpg","base64_img_data":"","file_attributes":{},"regions":{"0":{"shape_attributes":{"name":"polygon","all_points_x":[146,235,235,147,146],"all_points_y":[214,222,240,231,214]},"region_attributes":{}}}},"288.jpg60763":{"fileref":"","size":60763,"filename":"288.jpg","base64_img_data":"","file_attributes":{},"regions":{"0":{"shape_attributes":{"name":"polygon","all_points_x":[333,830,851,348,333],"all_points_y":[324,223,317,408,324]},"region_attributes":{}}}},"290.jpg43887":{"fileref":"","size":43887,"filename":"290.jpg","base64_img_data":"","file_attributes":{},"regions":{"0":{"shape_attributes":{"name":"polygon","all_points_x":[472,549,545,470,472],"all_points_y":[324,290,316,350,324]},"region_attributes":{}}}},"291.jpg44439":{"fileref":"","size":44439,"filename":"291.jpg","base64_img_data":"","file_attributes":{},"regions":{"0":{"shape_attributes":{"name":"polygon","all_points_x":[346,577,581,345,346],"all_points_y":[277,269,320,328,277]},"region_attributes":{}},"1":{"shape_attributes":{"name":"polygon","all_points_x":[62,99,99,63,62],"all_points_y":[98,97,111,112,98]},"region_attributes":{}}}},"292.jpg167866":{"fileref":"","size":167866,"filename":"292.jpg","base64_img_data":"","file_attributes":{},"regions":{"0":{"shape_attributes":{"name":"polygon","all_points_x":[712,773,772,713,712],"all_points_y":[352,347,368,373,352]},"region_attributes":{}}}},"293.jpg110335":{"fileref":"","size":110335,"filename":"293.jpg","base64_img_data":"","file_attributes":{},"regions":{"0":{"shape_attributes":{"name":"polygon","all_points_x":[486,675,690,504,486],"all_points_y":[265,197,248,326,265]},"region_attributes":{}}}},"294.jpg59456":{"fileref":"","size":59456,"filename":"294.jpg","base64_img_data":"","file_attributes":{},"regions":{"0":{"shape_attributes":{"name":"polygon","all_points_x":[357,423,423,357,357],"all_points_y":[228,220,237,248,228]},"region_attributes":{}}}},"295.jpg43315":{"fileref":"","size":43315,"filename":"295.jpg","base64_img_data":"","file_attributes":{},"regions":{"0":{"shape_attributes":{"name":"polygon","all_points_x":[162,403,403,165,162],"all_points_y":[238,244,293,287,238]},"region_attributes":{}}}},"296.jpg127498":{"fileref":"","size":127498,"filename":"296.jpg","base64_img_data":"","file_attributes":{},"regions":{"0":{"shape_attributes":{"name":"polygon","all_points_x":[287,489,492,289,287],"all_points_y":[328,325,375,375,328]},"region_attributes":{}}}},"297.jpg126266":{"fileref":"","size":126266,"filename":"297.jpg","base64_img_data":"","file_attributes":{},"regions":{"0":{"shape_attributes":{"name":"polygon","all_points_x":[104,237,238,104,104],"all_points_y":[328,337,370,356,328]},"region_attributes":{}}}},"298.jpg41028":{"fileref":"","size":41028,"filename":"298.jpg","base64_img_data":"","file_attributes":{},"regions":{"0":{"shape_attributes":{"name":"polygon","all_points_x":[197,369,368,199,197],"all_points_y":[378,383,416,410,378]},"region_attributes":{}}}},"299.jpg133940":{"fileref":"","size":133940,"filename":"299.jpg","base64_img_data":"","file_attributes":{},"regions":{"0":{"shape_attributes":{"name":"polygon","all_points_x":[121,180,181,121,121],"all_points_y":[283,297,319,305,283]},"region_attributes":{}}}},"300.jpg160457":{"fileref":"","size":160457,"filename":"300.jpg","base64_img_data":"","file_attributes":{},"regions":{"0":{"shape_attributes":{"name":"polygon","all_points_x":[356,552,547,357,356],"all_points_y":[378,300,351,445,378]},"region_attributes":{}}}},"301.jpg491355":{"fileref":"","size":491355,"filename":"301.jpg","base64_img_data":"","file_attributes":{},"regions":{"0":{"shape_attributes":{"name":"polygon","all_points_x":[426,498,498,427,426],"all_points_y":[316,310,332,339,316]},"region_attributes":{}}}},"302.jpg140683":{"fileref":"","size":140683,"filename":"302.jpg","base64_img_data":"","file_attributes":{},"regions":{"0":{"shape_attributes":{"name":"polygon","all_points_x":[301,558,562,308,301],"all_points_y":[380,354,408,431,380]},"region_attributes":{}}}},"303.jpg53751":{"fileref":"","size":53751,"filename":"303.jpg","base64_img_data":"","file_attributes":{},"regions":{"0":{"shape_attributes":{"name":"polygon","all_points_x":[110,184,187,110,110],"all_points_y":[328,349,377,355,328]},"region_attributes":{}}}},"304.jpg151855":{"fileref":"","size":151855,"filename":"304.jpg","base64_img_data":"","file_attributes":{},"regions":{"0":{"shape_attributes":{"name":"polygon","all_points_x":[333,517,516,343,333],"all_points_y":[510,515,592,591,510]},"region_attributes":{}}}},"306.jpg171213":{"fileref":"","size":171213,"filename":"306.jpg","base64_img_data":"","file_attributes":{},"regions":{"0":{"shape_attributes":{"name":"polygon","all_points_x":[147,332,343,151,147],"all_points_y":[525,540,608,583,525]},"region_attributes":{}}}},"307.jpg44056":{"fileref":"","size":44056,"filename":"307.jpg","base64_img_data":"","file_attributes":{},"regions":{"0":{"shape_attributes":{"name":"polygon","all_points_x":[253,399,399,255,253],"all_points_y":[316,312,344,343,316]},"region_attributes":{}}}},"308.jpg47296":{"fileref":"","size":47296,"filename":"308.jpg","base64_img_data":"","file_attributes":{},"regions":{"0":{"shape_attributes":{"name":"polygon","all_points_x":[137,245,251,143,137],"all_points_y":[274,263,291,299,274]},"region_attributes":{}}}},"309.jpg19418":{"fileref":"","size":19418,"filename":"309.jpg","base64_img_data":"","file_attributes":{},"regions":{"0":{"shape_attributes":{"name":"polygon","all_points_x":[85,127,126,86,85],"all_points_y":[130,131,148,146,130]},"region_attributes":{}}}},"311.jpg543549":{"fileref":"","size":543549,"filename":"311.jpg","base64_img_data":"","file_attributes":{},"regions":{"0":{"shape_attributes":{"name":"polygon","all_points_x":[190,281,289,194,190],"all_points_y":[577,606,645,615,577]},"region_attributes":{}}}},"312.jpg61717":{"fileref":"","size":61717,"filename":"312.jpg","base64_img_data":"","file_attributes":{},"regions":{"0":{"shape_attributes":{"name":"polygon","all_points_x":[423,587,587,426,423],"all_points_y":[367,329,376,418,367]},"region_attributes":{}}}},"313.jpg51441":{"fileref":"","size":51441,"filename":"313.jpg","base64_img_data":"","file_attributes":{},"regions":{"0":{"shape_attributes":{"name":"polygon","all_points_x":[165,279,279,165,165],"all_points_y":[242,239,263,267,242]},"region_attributes":{}}}},"314.jpg57456":{"fileref":"","size":57456,"filename":"314.jpg","base64_img_data":"","file_attributes":{},"regions":{"0":{"shape_attributes":{"name":"polygon","all_points_x":[112,174,174,110,112],"all_points_y":[163,168,185,181,163]},"region_attributes":{}}}},"315.jpg57782":{"fileref":"","size":57782,"filename":"315.jpg","base64_img_data":"","file_attributes":{},"regions":{"0":{"shape_attributes":{"name":"polygon","all_points_x":[98,224,223,95,98],"all_points_y":[333,355,395,366,333]},"region_attributes":{}}}},"316.jpg57162":{"fileref":"","size":57162,"filename":"316.jpg","base64_img_data":"","file_attributes":{},"regions":{"0":{"shape_attributes":{"name":"polygon","all_points_x":[302,308,404,405,304,302],"all_points_y":[362,365,367,389,389,362]},"region_attributes":{}}}},"317.jpg65335":{"fileref":"","size":65335,"filename":"317.jpg","base64_img_data":"","file_attributes":{},"regions":{"0":{"shape_attributes":{"name":"polygon","all_points_x":[148,234,235,149,148],"all_points_y":[222,221,241,243,222]},"region_attributes":{}}}},"318.jpg212265":{"fileref":"","size":212265,"filename":"318.jpg","base64_img_data":"","file_attributes":{},"regions":{"0":{"shape_attributes":{"name":"polygon","all_points_x":[426,543,543,423,426],"all_points_y":[259,260,293,294,259]},"region_attributes":{}},"1":{"shape_attributes":{"name":"polygon","all_points_x":[61,103,104,62,61],"all_points_y":[208,208,220,223,208]},"region_attributes":{}}}},"319.jpg93396":{"fileref":"","size":93396,"filename":"319.jpg","base64_img_data":"","file_attributes":{},"regions":{"0":{"shape_attributes":{"name":"polygon","all_points_x":[192,232,231,191,192],"all_points_y":[382,385,405,401,382]},"region_attributes":{}},"1":{"shape_attributes":{"name":"polygon","all_points_x":[732,819,819,732,732],"all_points_y":[401,403,422,417,401]},"region_attributes":{}}}},"320.jpg44767":{"fileref":"","size":44767,"filename":"320.jpg","base64_img_data":"","file_attributes":{},"regions":{"0":{"shape_attributes":{"name":"polygon","all_points_x":[326,395,395,328,326],"all_points_y":[210,209,233,230,210]},"region_attributes":{}}}},"321.jpg85999":{"fileref":"","size":85999,"filename":"321.jpg","base64_img_data":"","file_attributes":{},"regions":{"0":{"shape_attributes":{"name":"polygon","all_points_x":[262,695,688,266,262],"all_points_y":[239,242,339,330,239]},"region_attributes":{}}}},"323.jpg119766":{"fileref":"","size":119766,"filename":"323.jpg","base64_img_data":"","file_attributes":{},"regions":{"0":{"shape_attributes":{"name":"polygon","all_points_x":[459,684,694,470,459],"all_points_y":[282,273,327,334,282]},"region_attributes":{}},"1":{"shape_attributes":{"name":"polygon","all_points_x":[610,802,815,618,610],"all_points_y":[876,861,899,914,876]},"region_attributes":{}}}},"0*PjsHAu4NGJjkyiUY.jpg1096325":{"fileref":"","size":1096325,"filename":"0*PjsHAu4NGJjkyiUY.jpg","base64_img_data":"","file_attributes":{},"regions":{"0":{"shape_attributes":{"name":"polygon","all_points_x":[348,433,433,348,348],"all_points_y":[847,844,881,881,847]},"region_attributes":{}},"1":{"shape_attributes":{"name":"polygon","all_points_x":[1834,1999,2001,1834,1834],"all_points_y":[916,913,990,993,916]},"region_attributes":{}}}},"1*c0BEY9y7yT6dQUt6wlWiVA.jpg1946779":{"fileref":"","size":1946779,"filename":"1*c0BEY9y7yT6dQUt6wlWiVA.jpg","base64_img_data":"","file_attributes":{},"regions":{"0":{"shape_attributes":{"name":"polygon","all_points_x":[2129,2361,2365,2129,2129],"all_points_y":[1574,1569,1687,1696,1574]},"region_attributes":{}}}},"611589.jpg270709":{"fileref":"","size":270709,"filename":"611589.jpg","base64_img_data":"","file_attributes":{},"regions":{"0":{"shape_attributes":{"name":"polygon","all_points_x":[554,675,675,557,554],"all_points_y":[818,823,866,866,818]},"region_attributes":{}}}},"73777664-cars-driving-down-city-street-st-petersburg-buildings-architecture.jpg220244":{"fileref":"","size":220244,"filename":"73777664-cars-driving-down-city-street-st-petersburg-buildings-architecture.jpg","base64_img_data":"","file_attributes":{},"regions":{"0":{"shape_attributes":{"name":"polygon","all_points_x":[481,483,433,433,481],"all_points_y":[556,573,573,556,556]},"region_attributes":{}},"1":{"shape_attributes":{"name":"polygon","all_points_x":[165,166,101,101,165],"all_points_y":[651,664,666,653,651]},"region_attributes":{}},"2":{"shape_attributes":{"name":"polygon","all_points_x":[624,703,703,626,624],"all_points_y":[612,612,626,627,612]},"region_attributes":{}},"3":{"shape_attributes":{"name":"polygon","all_points_x":[1213,1212,1104,1107,1213],"all_points_y":[725,751,748,725,725]},"region_attributes":{}}}},"auto-986634_960_720.jpg196439":{"fileref":"","size":196439,"filename":"auto-986634_960_720.jpg","base64_img_data":"","file_attributes":{},"regions":{"0":{"shape_attributes":{"name":"polygon","all_points_x":[571,659,658,572,571],"all_points_y":[399,402,420,420,399]},"region_attributes":{}},"1":{"shape_attributes":{"name":"polygon","all_points_x":[239,271,271,239,239],"all_points_y":[323,323,337,337,323]},"region_attributes":{}}}},"Carsharing-in-Berlin-474x316-8c40ca900505da83.jpg52420":{"fileref":"","size":52420,"filename":"Carsharing-in-Berlin-474x316-8c40ca900505da83.jpg","base64_img_data":"","file_attributes":{},"regions":{"0":{"shape_attributes":{"name":"polygon","all_points_x":[144,181,181,144,144],"all_points_y":[221,218,228,233,221]},"region_attributes":{}},"1":{"shape_attributes":{"name":"polygon","all_points_x":[211,212,199,189,211],"all_points_y":[179,188,187,178,179]},"region_attributes":{}},"2":{"shape_attributes":{"name":"polygon","all_points_x":[287,241,242,286,287],"all_points_y":[246,244,259,264,246]},"region_attributes":{}}}},"EP-190619304.jpg&updated=201906171051&imageversion=Facebook&exactH=630&exactW=1200&exactfit=crop&noborder.jpg138880":{"fileref":"","size":138880,"filename":"EP-190619304.jpg&updated=201906171051&imageversion=Facebook&exactH=630&exactW=1200&exactfit=crop&noborder.jpg","base64_img_data":"","file_attributes":{},"regions":{"0":{"shape_attributes":{"name":"polygon","all_points_x":[753,817,817,754,753],"all_points_y":[385,387,415,416,385]},"region_attributes":{}},"1":{"shape_attributes":{"name":"polygon","all_points_x":[30,46,46,31,30],"all_points_y":[388,387,396,396,388]},"region_attributes":{}},"2":{"shape_attributes":{"name":"polygon","all_points_x":[184,197,197,185,184],"all_points_y":[387,384,390,391,387]},"region_attributes":{}}}},"fatal-uber-az-test-1525726069.jpg40101":{"fileref":"","size":40101,"filename":"fatal-uber-az-test-1525726069.jpg","base64_img_data":"","file_attributes":{},"regions":{"0":{"shape_attributes":{"name":"polygon","all_points_x":[172,196,195,171,172],"all_points_y":[243,243,254,254,243]},"region_attributes":{}},"1":{"shape_attributes":{"name":"polygon","all_points_x":[416,428,429,416,416],"all_points_y":[190,190,201,202,190]},"region_attributes":{}}}},"images.jpg12394":{"fileref":"","size":12394,"filename":"images.jpg","base64_img_data":"","file_attributes":{},"regions":{"0":{"shape_attributes":{"name":"polygon","all_points_x":[130,146,146,131,130],"all_points_y":[126,125,132,133,126]},"region_attributes":{}}}},"images 2.jpg11972":{"fileref":"","size":11972,"filename":"images 2.jpg","base64_img_data":"","file_attributes":{},"regions":{"0":{"shape_attributes":{"name":"polygon","all_points_x":[216,255,256,215,216],"all_points_y":[112,116,127,123,112]},"region_attributes":{}},"1":{"shape_attributes":{"name":"polygon","all_points_x":[114,127,127,115,114],"all_points_y":[105,107,115,113,105]},"region_attributes":{}}}},"images_fig8_sgikro.jpg29990":{"fileref":"","size":29990,"filename":"images_fig8_sgikro.jpg","base64_img_data":"","file_attributes":{},"regions":{"0":{"shape_attributes":{"name":"polygon","all_points_x":[108,191,192,110,108],"all_points_y":[244,240,264,268,244]},"region_attributes":{}}}},"images1.jpg11257":{"fileref":"","size":11257,"filename":"images1.jpg","base64_img_data":"","file_attributes":{},"regions":{"0":{"shape_attributes":{"name":"polygon","all_points_x":[93,105,105,93,93],"all_points_y":[135,135,141,142,135]},"region_attributes":{}}}},"images2.jpg5503":{"fileref":"","size":5503,"filename":"images2.jpg","base64_img_data":"","file_attributes":{},"regions":{"0":{"shape_attributes":{"name":"polygon","all_points_x":[58,75,76,57,58],"all_points_y":[114,113,123,124,114]},"region_attributes":{}},"1":{"shape_attributes":{"name":"polygon","all_points_x":[175,193,193,193,174,175],"all_points_y":[111,111,119,119,119,111]},"region_attributes":{}}}},"images4.jpg9571":{"fileref":"","size":9571,"filename":"images4.jpg","base64_img_data":"","file_attributes":{},"regions":{"0":{"shape_attributes":{"name":"polygon","all_points_x":[113,131,131,113,113],"all_points_y":[144,145,153,153,144]},"region_attributes":{}}}},"images5.jpg11151":{"fileref":"","size":11151,"filename":"images5.jpg","base64_img_data":"","file_attributes":{},"regions":{"0":{"shape_attributes":{"name":"polygon","all_points_x":[42,69,69,43,42],"all_points_y":[145,145,154,155,145]},"region_attributes":{}},"1":{"shape_attributes":{"name":"polygon","all_points_x":[164,179,179,165,164],"all_points_y":[128,127,135,135,128]},"region_attributes":{}}}},"images7.jpg11227":{"fileref":"","size":11227,"filename":"images7.jpg","base64_img_data":"","file_attributes":{},"regions":{"0":{"shape_attributes":{"name":"polygon","all_points_x":[125,143,144,127,125],"all_points_y":[114,112,118,120,114]},"region_attributes":{}},"1":{"shape_attributes":{"name":"polygon","all_points_x":[224,238,240,225,224],"all_points_y":[110,109,115,116,110]},"region_attributes":{}}}},"images8.jpg10124":{"fileref":"","size":10124,"filename":"images8.jpg","base64_img_data":"","file_attributes":{},"regions":{"0":{"shape_attributes":{"name":"polygon","all_points_x":[42,72,69,39,42],"all_points_y":[100,106,116,108,100]},"region_attributes":{}}}},"images9.jpg10237":{"fileref":"","size":10237,"filename":"images9.jpg","base64_img_data":"","file_attributes":{},"regions":{"0":{"shape_attributes":{"name":"polygon","all_points_x":[37,58,58,36,37],"all_points_y":[128,128,136,136,128]},"region_attributes":{}},"1":{"shape_attributes":{"name":"polygon","all_points_x":[94,118,119,94,94],"all_points_y":[116,116,125,127,116]},"region_attributes":{}}}},"images11.jpg11972":{"fileref":"","size":11972,"filename":"images11.jpg","base64_img_data":"","file_attributes":{},"regions":{"0":{"shape_attributes":{"name":"polygon","all_points_x":[111,127,127,111,111],"all_points_y":[105,108,116,113,105]},"region_attributes":{}},"1":{"shape_attributes":{"name":"polygon","all_points_x":[216,254,255,218,216],"all_points_y":[115,117,128,125,115]},"region_attributes":{}}}},"images12.jpg9151":{"fileref":"","size":9151,"filename":"images12.jpg","base64_img_data":"","file_attributes":{},"regions":{"0":{"shape_attributes":{"name":"polygon","all_points_x":[39,72,72,40,39],"all_points_y":[123,123,130,131,123]},"region_attributes":{}}}},"images13.jpg11218":{"fileref":"","size":11218,"filename":"images13.jpg","base64_img_data":"","file_attributes":{},"regions":{"0":{"shape_attributes":{"name":"polygon","all_points_x":[31,56,56,31,31],"all_points_y":[139,141,153,150,139]},"region_attributes":{}}}},"images14.jpg10533":{"fileref":"","size":10533,"filename":"images14.jpg","base64_img_data":"","file_attributes":{},"regions":{"0":{"shape_attributes":{"name":"polygon","all_points_x":[222,248,248,223,222],"all_points_y":[111,110,120,122,111]},"region_attributes":{}}}},"images15.jpg11669":{"fileref":"","size":11669,"filename":"images15.jpg","base64_img_data":"","file_attributes":{},"regions":{"0":{"shape_attributes":{"name":"polygon","all_points_x":[186,207,208,187,186],"all_points_y":[117,117,128,129,117]},"region_attributes":{}},"1":{"shape_attributes":{"name":"polygon","all_points_x":[104,120,120,104,104],"all_points_y":[104,103,110,111,104]},"region_attributes":{}}}},"images16.jpg12108":{"fileref":"","size":12108,"filename":"images16.jpg","base64_img_data":"","file_attributes":{},"regions":{"0":{"shape_attributes":{"name":"polygon","all_points_x":[101,127,127,101,101],"all_points_y":[134,135,145,144,134]},"region_attributes":{}}}},"images17.jpg15546":{"fileref":"","size":15546,"filename":"images17.jpg","base64_img_data":"","file_attributes":{},"regions":{"0":{"shape_attributes":{"name":"polygon","all_points_x":[47,79,78,48,47],"all_points_y":[105,105,119,119,105]},"region_attributes":{}}}},"images18.jpg12285":{"fileref":"","size":12285,"filename":"images18.jpg","base64_img_data":"","file_attributes":{},"regions":{"0":{"shape_attributes":{"name":"polygon","all_points_x":[49,79,79,49,49],"all_points_y":[113,112,121,123,113]},"region_attributes":{}},"1":{"shape_attributes":{"name":"polygon","all_points_x":[217,242,242,217,217],"all_points_y":[123,122,130,132,123]},"region_attributes":{}}}},"images19.jpg10844":{"fileref":"","size":10844,"filename":"images19.jpg","base64_img_data":"","file_attributes":{},"regions":{"0":{"shape_attributes":{"name":"polygon","all_points_x":[127,147,147,127,127],"all_points_y":[91,91,98,99,91]},"region_attributes":{}},"1":{"shape_attributes":{"name":"polygon","all_points_x":[176,209,206,173,176],"all_points_y":[115,115,128,127,115]},"region_attributes":{}}}},"images20.jpg12108":{"fileref":"","size":12108,"filename":"images20.jpg","base64_img_data":"","file_attributes":{},"regions":{"0":{"shape_attributes":{"name":"polygon","all_points_x":[99,124,123,98,99],"all_points_y":[134,136,146,143,134]},"region_attributes":{}}}},"images21.jpg13347":{"fileref":"","size":13347,"filename":"images21.jpg","base64_img_data":"","file_attributes":{},"regions":{"0":{"shape_attributes":{"name":"polygon","all_points_x":[129,174,173,129,129],"all_points_y":[113,114,127,127,113]},"region_attributes":{}}}},"images22.jpg9607":{"fileref":"","size":9607,"filename":"images22.jpg","base64_img_data":"","file_attributes":{},"regions":{"0":{"shape_attributes":{"name":"polygon","all_points_x":[158,185,185,158,158],"all_points_y":[128,127,141,142,128]},"region_attributes":{}}}},"images23.jpg10237":{"fileref":"","size":10237,"filename":"images23.jpg","base64_img_data":"","file_attributes":{},"regions":{"0":{"shape_attributes":{"name":"polygon","all_points_x":[83,111,110,81,83],"all_points_y":[95,95,108,108,95]},"region_attributes":{}}}},"images24.jpg10848":{"fileref":"","size":10848,"filename":"images24.jpg","base64_img_data":"","file_attributes":{},"regions":{"0":{"shape_attributes":{"name":"polygon","all_points_x":[164,187,188,164,164],"all_points_y":[112,112,127,126,112]},"region_attributes":{}}}},"images25.jpg10682":{"fileref":"","size":10682,"filename":"images25.jpg","base64_img_data":"","file_attributes":{},"regions":{"0":{"shape_attributes":{"name":"polygon","all_points_x":[124,157,157,125,124],"all_points_y":[103,103,117,117,103]},"region_attributes":{}}}},"images27.jpg12584":{"fileref":"","size":12584,"filename":"images27.jpg","base64_img_data":"","file_attributes":{},"regions":{"0":{"shape_attributes":{"name":"polygon","all_points_x":[126,151,152,126,126],"all_points_y":[92,92,107,109,92]},"region_attributes":{}}}},"images28.jpg9037":{"fileref":"","size":9037,"filename":"images28.jpg","base64_img_data":"","file_attributes":{},"regions":{"0":{"shape_attributes":{"name":"polygon","all_points_x":[141,173,172,140,141],"all_points_y":[136,137,156,154,136]},"region_attributes":{}}}},"images29.jpg10265":{"fileref":"","size":10265,"filename":"images29.jpg","base64_img_data":"","file_attributes":{},"regions":{"0":{"shape_attributes":{"name":"polygon","all_points_x":[76,106,107,77,76],"all_points_y":[131,130,145,146,131]},"region_attributes":{}}}},"l21-2003184.jpg262144":{"fileref":"","size":262144,"filename":"l21-2003184.jpg","base64_img_data":"","file_attributes":{},"regions":{"0":{"shape_attributes":{"name":"polygon","all_points_x":[344,399,400,341,344],"all_points_y":[577,577,596,598,577]},"region_attributes":{}},"1":{"shape_attributes":{"name":"polygon","all_points_x":[1,69,71,1,1],"all_points_y":[622,620,642,645,622]},"region_attributes":{}},"2":{"shape_attributes":{"name":"polygon","all_points_x":[580,638,639,580,580],"all_points_y":[579,579,592,593,579]},"region_attributes":{}}}},"maxresdefault.jpg222262":{"fileref":"","size":222262,"filename":"maxresdefault.jpg","base64_img_data":"","file_attributes":{},"regions":{"0":{"shape_attributes":{"name":"polygon","all_points_x":[610,690,692,610,610],"all_points_y":[501,497,534,541,501]},"region_attributes":{}},"1":{"shape_attributes":{"name":"polygon","all_points_x":[1103,1152,1156,1106,1103],"all_points_y":[435,430,455,463,435]},"region_attributes":{}}}},"maxresdefault 2.jpg138358":{"fileref":"","size":138358,"filename":"maxresdefault 2.jpg","base64_img_data":"","file_attributes":{},"regions":{"0":{"shape_attributes":{"name":"polygon","all_points_x":[700,822,822,700,700],"all_points_y":[525,524,550,556,525]},"region_attributes":{}},"1":{"shape_attributes":{"name":"polygon","all_points_x":[1115,1187,1186,1112,1115],"all_points_y":[452,461,479,472,452]},"region_attributes":{}},"2":{"shape_attributes":{"name":"polygon","all_points_x":[355,390,390,355,355],"all_points_y":[359,359,373,373,359]},"region_attributes":{}},"3":{"shape_attributes":{"name":"polygon","all_points_x":[183,218,220,183,183],"all_points_y":[358,359,371,372,358]},"region_attributes":{}}}},"maxresdefault1.jpg69983":{"fileref":"","size":69983,"filename":"maxresdefault1.jpg","base64_img_data":"","file_attributes":{},"regions":{"0":{"shape_attributes":{"name":"polygon","all_points_x":[210,280,280,207,210],"all_points_y":[442,440,476,476,442]},"region_attributes":{}},"1":{"shape_attributes":{"name":"polygon","all_points_x":[789,789,757,758,789],"all_points_y":[438,455,455,439,438]},"region_attributes":{}}}},"merlin_131499425_0d910346-44d5-47bf-963c-96d80821ab52-articleLarge.jpg52521":{"fileref":"","size":52521,"filename":"merlin_131499425_0d910346-44d5-47bf-963c-96d80821ab52-articleLarge.jpg","base64_img_data":"","file_attributes":{},"regions":{"0":{"shape_attributes":{"name":"polygon","all_points_x":[320,354,353,320,320],"all_points_y":[234,235,246,247,234]},"region_attributes":{}},"1":{"shape_attributes":{"name":"polygon","all_points_x":[549,582,581,548,549],"all_points_y":[222,225,240,238,222]},"region_attributes":{}}}},"munich-germany-07th-may-2016-cars-seen-on-leopold-street-after-fc-G1448M.jpg263021":{"fileref":"","size":263021,"filename":"munich-germany-07th-may-2016-cars-seen-on-leopold-street-after-fc-G1448M.jpg","base64_img_data":"","file_attributes":{},"regions":{"0":{"shape_attributes":{"name":"polygon","all_points_x":[531,581,581,533,531],"all_points_y":[518,517,533,536,518]},"region_attributes":{}},"1":{"shape_attributes":{"name":"polygon","all_points_x":[930,1023,1023,930,930],"all_points_y":[600,600,623,622,600]},"region_attributes":{}},"2":{"shape_attributes":{"name":"polygon","all_points_x":[1100,1136,1136,1098,1100],"all_points_y":[446,450,465,465,446]},"region_attributes":{}},"3":{"shape_attributes":{"name":"polygon","all_points_x":[260,318,318,260,260],"all_points_y":[522,518,531,534,522]},"region_attributes":{}}}},"Pedestrian+Car+Crash+Lawyer.jpg282247":{"fileref":"","size":282247,"filename":"Pedestrian+Car+Crash+Lawyer.jpg","base64_img_data":"","file_attributes":{},"regions":{"0":{"shape_attributes":{"name":"polygon","all_points_x":[182,234,234,185,182],"all_points_y":[551,555,589,584,551]},"region_attributes":{}},"1":{"shape_attributes":{"name":"polygon","all_points_x":[745,781,779,749,745],"all_points_y":[285,286,303,300,285]},"region_attributes":{}}}},"Platooning-on-Highway-1024x576.jpg48179":{"fileref":"","size":48179,"filename":"Platooning-on-Highway-1024x576.jpg","base64_img_data":"","file_attributes":{},"regions":{"0":{"shape_attributes":{"name":"polygon","all_points_x":[197,246,249,196,197],"all_points_y":[489,490,515,515,489]},"region_attributes":{}}}},"UATC-CAR-BRIDGE-16x9-917x516.jpg24376":{"fileref":"","size":24376,"filename":"UATC-CAR-BRIDGE-16x9-917x516.jpg","base64_img_data":"","file_attributes":{},"regions":{"0":{"shape_attributes":{"name":"polygon","all_points_x":[287,337,337,288,287],"all_points_y":[205,197,219,228,205]},"region_attributes":{}}}},"uber-self-driving-san-francisco-sf.jpg137076":{"fileref":"","size":137076,"filename":"uber-self-driving-san-francisco-sf.jpg","base64_img_data":"","file_attributes":{},"regions":{"0":{"shape_attributes":{"name":"polygon","all_points_x":[453,503,505,454,453],"all_points_y":[360,359,383,386,360]},"region_attributes":{}}}},"wplnl3egnk1hxhcwo2zp4huw6ijkhoocnaam0rtw6ximk6bntgmuax9anuycienq-.jpg599629":{"fileref":"","size":599629,"filename":"wplnl3egnk1hxhcwo2zp4huw6ijkhoocnaam0rtw6ximk6bntgmuax9anuycienq-.jpg","base64_img_data":"","file_attributes":{},"regions":{"0":{"shape_attributes":{"name":"polygon","all_points_x":[410,503,507,412,410],"all_points_y":[849,851,880,883,849]},"region_attributes":{}},"1":{"shape_attributes":{"name":"polygon","all_points_x":[931,1060,1062,931,931],"all_points_y":[921,927,956,948,921]},"region_attributes":{}}}},"001_4_.jpg24308":{"fileref":"","size":24308,"filename":"001_4_.jpg","base64_img_data":"","file_attributes":{},"regions":{"0":{"shape_attributes":{"name":"polygon","all_points_x":[174,256,257,178,174],"all_points_y":[247,247,271,272,247]},"region_attributes":{}}}},"05-07_Toyota_Tacoma_Double_Cab_TRD.jpg19464":{"fileref":"","size":19464,"filename":"05-07_Toyota_Tacoma_Double_Cab_TRD.jpg","base64_img_data":"","file_attributes":{},"regions":{"0":{"shape_attributes":{"name":"polygon","all_points_x":[41,67,67,42,41],"all_points_y":[107,110,126,119,107]},"region_attributes":{}}}},"12th-Street-and-1st-Avenue.jpg667215":{"fileref":"","size":667215,"filename":"12th-Street-and-1st-Avenue.jpg","base64_img_data":"","file_attributes":{},"regions":{"0":{"shape_attributes":{"name":"polygon","all_points_x":[303,343,345,303,303],"all_points_y":[394,393,418,420,394]},"region_attributes":{}}}},"13C1105_01-820x420.jpg40209":{"fileref":"","size":40209,"filename":"13C1105_01-820x420.jpg","base64_img_data":"","file_attributes":{},"regions":{"0":{"shape_attributes":{"name":"polygon","all_points_x":[159,243,242,156,159],"all_points_y":[263,283,314,291,263]},"region_attributes":{}}}},"031 Potsdam Holländisches Viertel.jpg465951":{"fileref":"","size":465951,"filename":"031 Potsdam Holländisches Viertel.jpg","base64_img_data":"","file_attributes":{},"regions":{"0":{"shape_attributes":{"name":"polygon","all_points_x":[1088,1173,1173,1094,1088],"all_points_y":[893,897,925,923,893]},"region_attributes":{}},"1":{"shape_attributes":{"name":"polygon","all_points_x":[201,301,303,201,201],"all_points_y":[903,903,935,933,903]},"region_attributes":{}}}},"90hgt.jpg83763":{"fileref":"","size":83763,"filename":"90hgt.jpg","base64_img_data":"","file_attributes":{},"regions":{"0":{"shape_attributes":{"name":"polygon","all_points_x":[674,675,675,731,733,674,674],"all_points_y":[284,283,283,281,321,325,284]},"region_attributes":{}},"1":{"shape_attributes":{"name":"polygon","all_points_x":[400,363,364,387,400],"all_points_y":[242,241,266,266,242]},"region_attributes":{}}}},"2011-volvo-s60_100323431_m.jpg96971":{"fileref":"","size":96971,"filename":"2011-volvo-s60_100323431_m.jpg","base64_img_data":"","file_attributes":{},"regions":{"0":{"shape_attributes":{"name":"polygon","all_points_x":[296,357,355,295,296],"all_points_y":[283,281,300,302,283]},"region_attributes":{}}}},"2015_Chevrolet_Tahoe_LT_5.3L_front_02_3.24.19.jpg2432651":{"fileref":"","size":2432651,"filename":"2015_Chevrolet_Tahoe_LT_5.3L_front_02_3.24.19.jpg","base64_img_data":"","file_attributes":{},"regions":{"0":{"shape_attributes":{"name":"polygon","all_points_x":[460,728,741,474,460],"all_points_y":[1811,1820,2044,2026,1811]},"region_attributes":{}}}},"2018_Tesla_Model_S_75D.jpg5527107":{"fileref":"","size":5527107,"filename":"2018_Tesla_Model_S_75D.jpg","base64_img_data":"","file_attributes":{},"regions":{"0":{"shape_attributes":{"name":"polygon","all_points_x":[3445,3857,3864,3470,3445],"all_points_y":[1468,1366,1489,1605,1468]},"region_attributes":{}}}},"2018-Ford-Focus.jpg1698884":{"fileref":"","size":1698884,"filename":"2018-Ford-Focus.jpg","base64_img_data":"","file_attributes":{},"regions":{"0":{"shape_attributes":{"name":"polygon","all_points_x":[758,952,955,760,758],"all_points_y":[578,569,621,630,578]},"region_attributes":{}}}},"2018-range-rover-zigwheels-india-review-m21_720x540_640x480.jpg39737":{"fileref":"","size":39737,"filename":"2018-range-rover-zigwheels-india-review-m21_720x540_640x480.jpg","base64_img_data":"","file_attributes":{},"regions":{"0":{"shape_attributes":{"name":"polygon","all_points_x":[127,199,197,124,127],"all_points_y":[308,313,335,332,308]},"region_attributes":{}}}},"2018-rolls-royce-phantom-1536152159.png185986":{"fileref":"","size":185986,"filename":"2018-rolls-royce-phantom-1536152159.png","base64_img_data":"","file_attributes":{},"regions":{"0":{"shape_attributes":{"name":"polygon","all_points_x":[137,222,222,139,137],"all_points_y":[151,156,177,168,151]},"region_attributes":{}}}},"152747.jpg38627":{"fileref":"","size":38627,"filename":"152747.jpg","base64_img_data":"","file_attributes":{},"regions":{"0":{"shape_attributes":{"name":"polygon","all_points_x":[182,238,238,184,182],"all_points_y":[247,244,278,282,247]},"region_attributes":{}}}},"4349932.vpx.jpg86105":{"fileref":"","size":86105,"filename":"4349932.vpx.jpg","base64_img_data":"","file_attributes":{},"regions":{"0":{"shape_attributes":{"name":"polygon","all_points_x":[253,311,312,253,253],"all_points_y":[310,305,339,343,310]},"region_attributes":{}},"1":{"shape_attributes":{"name":"polygon","all_points_x":[43,77,79,44,43],"all_points_y":[270,268,289,290,270]},"region_attributes":{}}}},"Copy-of-Copy-of-NIP000203787581-1300.jpg398397":{"fileref":"","size":398397,"filename":"Copy-of-Copy-of-NIP000203787581-1300.jpg","base64_img_data":"","file_attributes":{},"regions":{"0":{"shape_attributes":{"name":"polygon","all_points_x":[256,498,493,251,256],"all_points_y":[584,620,685,648,584]},"region_attributes":{}}}},"dims.jpg156081":{"fileref":"","size":156081,"filename":"dims.jpg","base64_img_data":"","file_attributes":{},"regions":{"0":{"shape_attributes":{"name":"polygon","all_points_x":[842,905,902,837,842],"all_points_y":[382,382,411,408,382]},"region_attributes":{}}}},"gettyimages-464946080-1024x1024.jpg364766":{"fileref":"","size":364766,"filename":"gettyimages-464946080-1024x1024.jpg","base64_img_data":"","file_attributes":{},"regions":{}},"hero_self-driving_pedestrians.jpg205239":{"fileref":"","size":205239,"filename":"hero_self-driving_pedestrians.jpg","base64_img_data":"","file_attributes":{},"regions":{"0":{"shape_attributes":{"name":"polygon","all_points_x":[398,450,450,399,398],"all_points_y":[296,297,323,325,296]},"region_attributes":{}}}},"Hollandse_wijk_(Potsdam).jpg601881":{"fileref":"","size":601881,"filename":"Hollandse_wijk_(Potsdam).jpg","base64_img_data":"","file_attributes":{},"regions":{"0":{"shape_attributes":{"name":"polygon","all_points_x":[1040,1199,1194,1030,1040],"all_points_y":[1118,1141,1194,1169,1118]},"region_attributes":{}}}},"image.jpg101970":{"fileref":"","size":101970,"filename":"image.jpg","base64_img_data":"","file_attributes":{},"regions":{"0":{"shape_attributes":{"name":"polygon","all_points_x":[497,570,571,498,497],"all_points_y":[319,315,338,343,319]},"region_attributes":{}}}},"images.jpg8865":{"fileref":"","size":8865,"filename":"images.jpg","base64_img_data":"","file_attributes":{},"regions":{"0":{"shape_attributes":{"name":"polygon","all_points_x":[221,240,242,224,221],"all_points_y":[88,86,94,98,88]},"region_attributes":{}}}},"images30.jpg9890":{"fileref":"","size":9890,"filename":"images30.jpg","base64_img_data":"","file_attributes":{},"regions":{"0":{"shape_attributes":{"name":"polygon","all_points_x":[232,251,253,235,232],"all_points_y":[110,110,121,122,110]},"region_attributes":{}}}},"images32.jpg7624":{"fileref":"","size":7624,"filename":"images32.jpg","base64_img_data":"","file_attributes":{},"regions":{"0":{"shape_attributes":{"name":"polygon","all_points_x":[103,157,157,100,103],"all_points_y":[135,134,151,151,135]},"region_attributes":{}}}},"images33.jpg10613":{"fileref":"","size":10613,"filename":"images33.jpg","base64_img_data":"","file_attributes":{},"regions":{"0":{"shape_attributes":{"name":"polygon","all_points_x":[19,51,49,16,19],"all_points_y":[109,109,129,126,109]},"region_attributes":{}}}},"images34.jpg10901":{"fileref":"","size":10901,"filename":"images34.jpg","base64_img_data":"","file_attributes":{},"regions":{"0":{"shape_attributes":{"name":"polygon","all_points_x":[200,228,228,203,200],"all_points_y":[111,111,126,128,111]},"region_attributes":{}}}},"images35.jpg11409":{"fileref":"","size":11409,"filename":"images35.jpg","base64_img_data":"","file_attributes":{},"regions":{"0":{"shape_attributes":{"name":"polygon","all_points_x":[173,198,198,172,173],"all_points_y":[108,108,119,121,108]},"region_attributes":{}}}},"Importing-Foreign-Cars-gear-patrol-lead-full.jpg401318":{"fileref":"","size":401318,"filename":"Importing-Foreign-Cars-gear-patrol-lead-full.jpg","base64_img_data":"","file_attributes":{},"regions":{"0":{"shape_attributes":{"name":"polygon","all_points_x":[1605,1748,1746,1607,1605],"all_points_y":[878,840,898,942,878]},"region_attributes":{}}}},"imrs.php.jpg75728":{"fileref":"","size":75728,"filename":"imrs.php.jpg","base64_img_data":"","file_attributes":{},"regions":{"0":{"shape_attributes":{"name":"polygon","all_points_x":[364,388,388,365,364],"all_points_y":[373,370,382,386,373]},"region_attributes":{}},"1":{"shape_attributes":{"name":"polygon","all_points_x":[522,540,538,521,522],"all_points_y":[359,358,372,372,359]},"region_attributes":{}},"2":{"shape_attributes":{"name":"polygon","all_points_x":[62,89,90,65,62],"all_points_y":[376,375,387,389,376]},"region_attributes":{}},"3":{"shape_attributes":{"name":"polygon","all_points_x":[718,738,738,718,718],"all_points_y":[345,344,356,357,345]},"region_attributes":{}}}},"large-2479-s-classsaloon.jpg113999":{"fileref":"","size":113999,"filename":"large-2479-s-classsaloon.jpg","base64_img_data":"","file_attributes":{},"regions":{"0":{"shape_attributes":{"name":"polygon","all_points_x":[599,683,682,599,599],"all_points_y":[396,391,419,428,396]},"region_attributes":{}}}},"mercedes-benz-passenger-cars-2018-a-class-w-177-amg-line-digital-white-pearl-2560x1440-2560x1440.jpg377817":{"fileref":"","size":377817,"filename":"mercedes-benz-passenger-cars-2018-a-class-w-177-amg-line-digital-white-pearl-2560x1440-2560x1440.jpg","base64_img_data":"","file_attributes":{},"regions":{"0":{"shape_attributes":{"name":"polygon","all_points_x":[772,1065,1060,763,772],"all_points_y":[1032,1049,1143,1122,1032]},"region_attributes":{}}}},"rrswbphev006.jpg116781":{"fileref":"","size":116781,"filename":"rrswbphev006.jpg","base64_img_data":"","file_attributes":{},"regions":{"0":{"shape_attributes":{"name":"polygon","all_points_x":[662,760,759,666,662],"all_points_y":[334,325,353,361,334]},"region_attributes":{}}}},"sb10781-1568731084.jpg30814":{"fileref":"","size":30814,"filename":"sb10781-1568731084.jpg","base64_img_data":"","file_attributes":{},"regions":{"0":{"shape_attributes":{"name":"polygon","all_points_x":[326,375,374,325,326],"all_points_y":[208,211,225,222,208]},"region_attributes":{}}}},"Silverstone_TOPSIERRA.jpg33948":{"fileref":"","size":33948,"filename":"Silverstone_TOPSIERRA.jpg","base64_img_data":"","file_attributes":{},"regions":{"0":{"shape_attributes":{"name":"polygon","all_points_x":[59,113,112,57,59],"all_points_y":[141,142,160,158,141]},"region_attributes":{}}}},"street-furniture-creative-unlimited-banking.jpg178829":{"fileref":"","size":178829,"filename":"street-furniture-creative-unlimited-banking.jpg","base64_img_data":"","file_attributes":{},"regions":{"0":{"shape_attributes":{"name":"polygon","all_points_x":[914,985,985,912,914],"all_points_y":[639,645,677,675,639]},"region_attributes":{}},"1":{"shape_attributes":{"name":"polygon","all_points_x":[340,448,448,338,340],"all_points_y":[611,611,662,661,611]},"region_attributes":{}}}},"tesla-model-s-plaid-spy-photo.jpg125139":{"fileref":"","size":125139,"filename":"tesla-model-s-plaid-spy-photo.jpg","base64_img_data":"","file_attributes":{},"regions":{"0":{"shape_attributes":{"name":"polygon","all_points_x":[1155,1380,1383,1160,1155],"all_points_y":[682,675,726,742,682]},"region_attributes":{}}}},"Uber_self-driving_vehicle_parked_with_pedestrian_onlooker_JasonDoiy_Getty_Images_large.jpg68647":{"fileref":"","size":68647,"filename":"Uber_self-driving_vehicle_parked_with_pedestrian_onlooker_JasonDoiy_Getty_Images_large.jpg","base64_img_data":"","file_attributes":{},"regions":{"0":{"shape_attributes":{"name":"polygon","all_points_x":[535,566,567,537,535],"all_points_y":[247,247,260,263,247]},"region_attributes":{}}}},"uber-self-driving-cars-e1521481971811.jpg71668":{"fileref":"","size":71668,"filename":"uber-self-driving-cars-e1521481971811.jpg","base64_img_data":"","file_attributes":{},"regions":{"0":{"shape_attributes":{"name":"polygon","all_points_x":[307,384,387,309,307],"all_points_y":[379,377,418,419,379]},"region_attributes":{}}}},"Uber-self-driving-cars-have-been-allowed-to-run-tests-in-San-Francisco-starting-March-2017.jpg241513":{"fileref":"","size":241513,"filename":"Uber-self-driving-cars-have-been-allowed-to-run-tests-in-San-Francisco-starting-March-2017.jpg","base64_img_data":"","file_attributes":{},"regions":{"0":{"shape_attributes":{"name":"polygon","all_points_x":[290,379,381,290,290],"all_points_y":[469,473,522,523,469]},"region_attributes":{}}}},"uberselfdriving.jpg95616":{"fileref":"","size":95616,"filename":"uberselfdriving.jpg","base64_img_data":"","file_attributes":{},"regions":{"0":{"shape_attributes":{"name":"polygon","all_points_x":[756,789,794,763,756],"all_points_y":[318,312,337,345,318]},"region_attributes":{}}}},"zipcars_on_page.jpg94561":{"fileref":"","size":94561,"filename":"zipcars_on_page.jpg","base64_img_data":"","file_attributes":{},"regions":{"0":{"shape_attributes":{"name":"polygon","all_points_x":[788,838,840,792,788],"all_points_y":[334,323,350,362,334]},"region_attributes":{}}}}}